,aoi0_x,aoi0_y,aoi1_x,aoi1_y,aoi2_x,aoi2_y,aoi3_x,aoi3_y,aoi4_x,aoi4_y,aoi5_x,aoi5_y,aoi6_x,aoi6_y,aoi7_x,aoi7_y,aoi8_x,aoi8_y
Sub43_block_7,329,362,332,525,330,692,557,361,564,525,565,689,826,373,832,538,832,703
Sub61_block_1,353,347,357,511,353,678,549,350,556,517,563,681,810,341,818,505,827,672
Sub26_block_5,360,372,367,541,363,708,586,375,587,546,593,710,819,377,824,545,828,713
Sub29,413,377,403,541,393,706,610,376,627,546,638,713,896,372,902,542,902,709
Sub33_block_7,397,417,404,581,401,746,637,428,640,593,631,756,862,415,851,582,853,748
Sub68_block_2,323,395,310,568,275,731,561,375,554,543,543,715,822,351,795,522,805,702
Sub40_block_10,382,402,369,571,417,747,671,392,621,570,655,752,882,430,889,600,921,772
Sub36_block_2,389,355,367,518,370,684,598,348,596,511,604,676,848,352,848,519,855,683
Sub71_block_6,354,421,358,586,357,750,572,427,577,592,590,758,853,418,865,583,863,748
Sub63_block_8,391,378,391,546,386,709,627,380,628,545,634,710,855,384,860,548,861,710
Sub47_block_10,311,407,312,587,310,760,558,374,552,569,550,757,829,392,842,564,792,737
Sub46_block_2,411,370,413,540,411,705,633,380,638,545,639,712,889,376,893,542,894,707
Sub46_block_3,392,379,398,543,396,708,625,391,625,556,626,722,884,365,884,528,887,695
Sub63_block_9,388,375,391,541,389,704,607,382,610,545,614,710,852,377,858,541,859,706
Sub23_block_1,407,394,406,558,406,721,608,401,608,564,610,727,824,378,825,541,826,706
Sub71_block_7,360,427,364,590,364,755,612,433,620,597,625,761,864,432,872,599,872,762
Sub36_block_3,346,356,345,519,350,682,561,361,559,527,566,692,824,374,825,539,833,703
Sub53_block_1,416,361,418,527,412,691,618,355,622,519,623,686,889,354,888,518,891,682
Sub33_block_6,385,428,387,593,384,758,597,422,594,586,595,752,823,429,820,594,821,759
Sub68_block_3,298,374,292,541,281,711,508,362,517,529,532,695,775,373,770,538,786,705
Sub28,344,341,346,514,362,688,588,346,604,516,618,708,852,338,860,520,867,697
Sub26_block_4,392,366,395,537,394,706,585,378,591,546,602,716,831,386,836,555,841,724
Sub55_block_10,310,387,308,559,244,781,571,394,586,562,566,737,810,402,835,571,840,751
Sub43_block_6,331,403,339,567,341,729,558,394,568,558,574,722,822,374,831,541,837,707
Sub43_block_4,350,366,355,530,356,695,576,367,584,529,576,695,831,375,844,537,834,701
Sub58_block_9,350,379,348,544,349,708,567,389,569,552,571,716,809,391,802,556,803,721
Sub44_block_8,350,360,347,525,347,688,568,396,572,563,578,727,831,389,837,556,840,721
Sub26_block_6,384,378,385,544,383,711,574,386,584,555,591,723,819,371,822,550,827,720
Sub61_block_2,372,346,374,512,370,679,571,350,572,516,571,680,828,352,831,517,832,681
Sub68_block_1,373,357,337,569,366,744,583,393,558,570,577,748,811,431,825,602,839,776
Sub33_block_4,352,412,351,576,353,742,601,424,599,587,597,751,834,424,833,590,832,756
Sub28_block_9,383,298,381,496,385,666,608,329,616,500,617,668,855,288,858,484,842,652
Sub34_block_8,342,397,341,561,336,728,569,399,561,562,556,727,811,407,810,570,799,734
Sub53_block_3,395,362,405,527,391,694,611,366,617,530,624,695,878,365,879,528,880,695
Sub36_block_10,362,354,359,521,361,685,591,350,592,518,593,683,827,356,829,531,837,695
Sub63_block_10,383,360,392,525,386,693,634,362,633,538,638,703,898,360,900,525,898,696
Sub71_block_5,367,400,370,564,375,727,618,406,619,570,627,736,888,406,891,570,894,734
Sub36_block_1,312,413,307,578,316,741,575,401,569,566,573,731,825,405,826,570,826,732
Sub23_block_3,390,371,402,541,351,707,584,375,586,548,591,716,813,367,821,538,828,709
Sub31_block_10,377,371,380,535,385,699,602,375,602,540,601,705,837,375,837,539,839,703
Sub46_block_1,405,379,408,545,398,715,632,383,639,547,639,713,868,365,872,530,869,698
Sub23_block_2,404,388,405,553,403,717,610,386,612,553,615,717,843,355,851,525,849,692
Sub71_block_4,350,410,353,574,357,737,579,411,593,575,598,740,861,406,857,571,858,736
Sub53_block_2,389,361,393,525,384,691,608,361,625,531,626,696,879,361,879,526,884,689
Sub34_block_9,345,367,334,529,338,694,605,360,596,525,598,691,830,364,832,528,834,692
Sub28_block_8,379,321,384,503,383,670,585,335,590,508,620,679,812,344,852,518,882,690
Sub33_block_5,365,424,367,590,367,755,604,423,606,586,602,751,835,436,835,599,837,764
Sub71_block_10,368,434,371,600,371,765,588,437,593,602,598,767,861,440,863,605,858,768
Sub61_block_3,377,352,379,517,378,681,622,352,618,518,617,681,883,354,884,520,881,685
Sub26_block_7,379,350,382,522,386,690,608,362,610,528,616,695,839,360,839,528,846,697
Sub44_block_9,351,377,353,542,353,708,613,376,618,540,618,704,885,366,885,531,870,696
Sub58_block_8,377,378,376,543,379,709,616,383,617,547,623,710,832,394,837,557,834,720
Sub43_block_5,349,388,339,559,346,725,574,385,579,551,581,716,815,400,821,570,822,733
Sub23_block_10,354,437,356,608,341,777,550,445,555,618,567,788,817,451,824,628,823,796
Sub43_block_1,389,359,388,522,386,688,596,359,606,523,619,690,833,362,847,528,851,695
Sub26_block_3,368,367,374,530,377,696,565,366,577,535,585,702,808,375,810,543,817,710
Sub61_block_7,377,379,383,543,380,707,625,376,624,548,627,710,898,366,896,532,900,695
Sub33_block_1,377,411,375,574,373,738,593,423,588,585,591,750,826,422,826,587,827,752
Sub68_block_4,300,380,290,548,295,726,501,371,514,541,533,716,786,366,795,531,788,701
Sub31_block_8,394,367,395,529,399,693,614,355,612,520,617,685,884,357,883,522,880,687
Sub53_block_6,398,397,403,560,404,724,624,393,607,559,610,725,845,395,849,559,851,726
Sub36_block_4,351,374,351,537,351,700,570,371,570,534,570,697,833,368,833,531,833,694
Sub54_block_10,264,383,260,549,266,713,524,386,522,552,523,718,780,379,773,544,774,706
Sub41_block_8,364,372,367,535,371,701,602,358,601,522,602,686,851,354,853,518,856,682
Sub23_block_6,363,372,357,540,358,717,548,380,556,549,566,717,822,379,814,545,811,718
Sub46_block_4,396,390,397,554,401,718,635,404,635,571,638,735,893,412,894,578,894,742
Sub53_block_10,411,387,338,554,293,725,610,393,580,563,593,734,848,382,843,551,870,719
Sub46_block_5,386,381,389,546,392,709,627,381,629,546,631,709,880,385,876,551,881,714
Sub23_block_7,293,371,293,536,294,706,511,440,528,605,533,770,787,439,794,602,799,768
Sub41_block_9,377,388,380,551,379,715,613,402,613,567,615,731,820,401,823,564,827,729
Sub36_block_5,346,360,346,523,346,686,568,360,568,523,568,686,822,367,822,530,822,693
Sub71_block_1,350,411,350,577,346,742,594,411,593,575,595,738,855,431,859,596,858,759
Sub53_block_7,369,398,383,562,379,728,604,377,603,543,605,708,867,372,869,537,858,704
Sub31_block_9,389,372,387,542,391,713,634,369,631,540,604,712,865,354,877,525,856,697
Sub46_block_10,382,361,384,526,377,694,637,365,628,536,625,703,884,376,884,542,882,707
Sub68_block_5,281,371,277,541,282,712,539,353,551,517,548,687,790,343,795,511,805,688
Sub41_block_10,355,382,356,546,344,713,595,381,599,545,592,710,839,382,844,547,850,712
Sub61_block_6,375,365,376,532,377,699,608,372,604,536,601,700,887,367,884,532,888,702
Sub26_block_2,394,357,388,522,391,694,595,365,602,533,610,705,838,372,842,539,849,708
Sub66_block_8,376,460,378,623,367,788,604,467,593,631,590,796,859,457,852,625,838,791
Sub43_block_2,342,374,353,546,347,712,568,360,573,528,578,696,822,366,828,534,835,698
Sub61_block_4,380,367,384,531,382,697,630,373,630,539,631,703,896,374,899,540,898,705
Sub38,351,375,352,537,346,702,613,381,610,544,610,708,861,370,862,534,863,696
Sub68_block_7,284,386,293,562,310,738,513,381,517,552,531,726,780,379,780,553,783,733
Sub33_block_2,361,419,360,586,362,749,590,416,593,581,591,746,827,405,829,569,825,733
Sub53_block_5,379,362,384,527,385,692,604,366,603,531,616,694,858,360,860,527,865,689
Sub36_block_7,327,365,327,528,327,691,567,339,567,502,567,665,834,348,834,511,834,674
Sub71_block_3,342,436,348,600,348,767,599,459,599,624,603,788,867,454,868,619,866,783
Sub54_block_9,256,373,262,537,267,699,516,378,514,540,517,706,788,381,789,544,792,709
Sub70_block_10,306,424,319,587,320,752,557,411,566,580,570,753,805,415,806,584,809,754
Sub23_block_5,370,349,317,519,341,688,586,349,583,517,577,686,856,351,861,522,867,691
Sub46_block_7,402,371,399,540,394,703,628,375,624,539,627,703,859,384,864,546,869,711
Sub38_block_8,381,355,381,518,381,681,624,358,624,521,624,684,893,346,893,509,893,672
Sub38_block_9,368,341,368,504,368,667,605,363,605,526,605,689,868,360,868,523,868,686
Sub46_block_6,383,373,382,539,382,704,630,377,632,542,632,709,890,387,889,551,890,719
Sub23_block_4,393,409,370,576,351,744,582,407,590,573,594,742,805,429,809,597,815,767
Sub54_block_8,259,377,256,544,270,708,504,387,503,553,503,717,788,384,787,547,781,712
Sub71_block_2,366,420,368,587,372,753,610,433,611,597,614,761,871,431,875,596,875,763
Sub36_block_6,313,326,313,489,313,652,560,332,560,495,560,658,843,341,843,504,843,667
Sub53_block_4,381,368,382,531,387,696,597,366,598,530,615,696,862,360,859,525,862,690
Sub30_block_10,411,351,410,515,408,679,597,350,603,514,605,676,836,337,834,504,842,669
Sub68_block_6,322,495,312,658,286,833,534,499,534,676,548,846,791,491,811,660,812,834
Sub33_block_3,371,402,371,566,372,732,590,407,591,570,592,737,831,420,830,586,829,751
Sub26_block_1,384,408,383,578,384,748,599,394,618,563,625,734,876,398,886,568,893,743
Sub61_block_5,384,379,385,545,387,709,613,381,619,547,612,714,857,383,863,553,871,718
Sub39,425,438,427,602,428,768,646,431,650,595,633,761,876,445,878,607,879,771
Sub62_block_10,380,370,384,538,389,700,632,384,632,548,633,712,893,387,893,551,896,715
Sub37_block_10,377,349,381,514,385,680,609,354,613,519,619,683,858,356,862,522,864,687
Sub43_block_3,362,371,366,534,368,704,604,371,609,535,594,699,846,364,854,530,855,695
Sub66_block_9,368,449,372,615,366,780,606,446,600,614,598,780,849,423,839,590,840,755
Sub30_block_3,390,344,375,513,379,683,583,348,587,518,592,687,833,347,834,517,837,686
Sub55_block_1,354,396,359,565,359,731,598,418,606,584,608,749,843,405,851,574,854,739
Sub62,383,415,381,577,380,741,615,412,617,576,616,742,892,406,891,570,895,735
Sub40_block_3,434,431,392,605,427,775,657,412,676,605,689,803,917,400,907,590,927,784
Sub62_block_5,380,387,381,560,383,722,634,385,629,550,632,713,894,392,895,558,897,723
Sub68_block_10,282,422,286,600,282,773,517,448,524,614,526,787,789,506,775,674,772,846
Sub45_block_6,386,343,390,507,391,673,626,342,641,505,637,671,897,342,900,506,899,677
Sub27_block_8,341,410,333,577,336,746,573,415,580,587,577,770,839,419,829,587,816,771
Sub29_block_7,407,365,415,535,407,704,598,368,616,538,624,711,858,370,866,542,875,713
Sub35_block_6,375,375,375,538,375,701,601,366,601,529,601,692,822,356,822,519,822,682
Sub57_block_8,386,360,388,524,384,693,628,350,625,514,626,678,872,353,874,517,874,682
Sub57_block_9,377,356,381,519,383,683,624,345,629,508,634,675,875,345,878,512,877,676
Sub35_block_7,376,348,376,511,376,674,630,354,630,517,630,680,841,349,841,512,841,675
Sub29_block_6,399,379,397,550,395,718,638,378,632,551,642,722,898,373,908,550,904,726
Sub27_block_9,347,399,339,567,331,741,594,398,574,572,577,738,838,413,842,588,851,758
Sub45_block_7,389,339,390,503,390,670,631,336,624,502,628,668,898,343,904,507,904,673
Sub67_block_1,397,304,409,469,414,641,627,268,631,436,655,603,819,304,862,468,883,639
Sub39_block_1,454,415,448,579,435,750,659,431,654,595,645,757,864,457,868,623,870,788
Sub62_block_4,377,366,377,531,379,696,625,381,630,545,634,711,894,372,898,536,894,702
Sub40_block_2,393,404,395,573,360,742,637,389,652,558,647,734,893,381,911,566,922,747
Sub49_block_1,389,396,391,570,400,734,661,394,671,558,673,721,912,385,924,550,927,717
Sub63,380,398,387,564,387,733,618,400,629,567,627,733,869,402,876,572,877,737
Sub30_block_2,396,361,390,528,391,697,637,350,635,520,636,688,840,350,838,519,839,688
Sub28_block_10,378,366,366,532,374,699,596,382,607,552,607,721,836,360,850,534,858,707
Sub49_block_3,386,407,388,571,385,736,631,405,632,571,635,735,882,395,885,559,890,724
Sub61,365,369,367,532,364,698,597,374,608,541,613,706,869,371,872,535,873,700
Sub55_block_2,317,392,317,560,344,729,577,402,572,572,617,741,804,421,834,591,880,759
Sub49,378,417,380,582,383,746,613,410,617,581,625,746,883,411,889,591,891,755
Sub70_block_8,297,382,311,546,313,710,580,340,594,506,578,676,830,338,831,502,817,672
Sub62_block_6,383,354,390,518,391,683,603,372,606,536,611,701,868,370,867,536,870,701
Sub39_block_3,412,427,419,592,415,758,663,410,668,574,669,740,876,399,879,563,880,729
Sub42_block_9,388,371,390,535,393,700,620,371,621,536,616,700,843,373,846,536,846,701
Sub67_block_3,435,354,446,521,447,692,636,352,642,523,659,694,838,375,860,543,876,712
Sub45_block_5,404,343,411,506,408,669,633,342,636,504,639,674,894,339,905,505,893,671
Sub35_block_5,380,367,380,530,380,693,620,366,620,529,620,692,842,366,842,529,842,692
Sub29_block_4,418,364,409,530,401,697,610,371,613,541,620,712,886,365,879,535,888,699
Sub29_block_5,408,368,422,544,408,711,609,379,624,553,633,723,893,391,897,559,899,729
Sub35_block_4,382,394,375,559,375,730,590,376,592,541,597,710,819,379,842,550,843,716
Sub45_block_4,379,341,385,505,389,670,621,341,634,507,610,669,881,336,883,502,873,668
Sub67_block_2,427,402,442,575,458,743,656,344,667,515,673,690,873,396,865,565,880,739
Sub42_block_8,395,386,390,549,394,712,603,381,607,544,609,708,848,380,850,545,852,709
Sub62_block_7,398,387,400,553,402,722,637,390,641,557,644,722,899,404,907,568,913,733
Sub39_block_2,444,423,441,591,431,758,667,470,669,639,668,804,872,454,872,624,875,790
Sub40_block_1,446,393,427,603,400,791,670,492,662,661,668,829,916,516,926,684,938,851
Sub70_block_9,309,371,307,538,309,704,534,380,538,546,544,710,825,393,823,558,825,723
Sub60,366,373,370,540,371,707,560,382,564,550,567,716,810,389,809,554,812,720
Sub55_block_3,302,417,309,583,309,756,554,415,556,584,558,754,795,414,801,579,808,745
Sub49_block_2,390,387,398,552,403,719,642,392,642,559,642,724,896,362,897,528,897,694
Sub30_block_1,392,354,395,524,401,693,634,356,627,525,634,695,859,357,864,526,870,695
Sub30_block_5,387,344,388,515,392,685,590,349,591,519,596,688,818,350,814,519,815,687
Sub37_block_9,368,360,368,523,368,686,581,348,581,511,581,674,837,358,837,521,837,684
Sub58,331,389,332,557,327,724,579,401,582,567,579,734,828,385,834,549,836,713
Sub70,301,412,306,578,300,747,563,410,563,578,559,746,803,413,805,582,799,750
Sub49_block_6,361,403,365,566,361,733,601,402,604,566,607,731,852,392,861,558,849,729
Sub55_block_7,293,417,308,582,303,749,577,408,578,573,572,746,832,407,836,574,841,742
Sub40_block_5,404,395,395,563,411,745,634,391,646,585,635,795,878,427,880,597,929,769
Sub47_block_9,374,388,357,560,347,747,594,386,593,551,585,726,830,381,842,549,826,744
Sub39_block_6,438,436,432,602,401,772,677,285,640,523,605,722,833,390,821,569,813,751
Sub62_block_3,375,367,376,534,381,698,633,373,623,535,625,700,895,380,894,545,891,713
Sub29_block_10,387,350,392,523,395,696,611,331,596,524,612,700,899,372,903,553,907,720
Sub67_block_6,384,338,400,513,405,697,620,347,635,520,645,698,844,353,852,526,870,702
Sub69_block_9,280,346,307,510,319,675,562,331,568,496,579,661,829,307,838,474,845,646
Sub29_block_1,448,375,428,545,420,710,630,358,634,527,654,700,861,349,938,525,928,703
Sub35_block_1,384,376,384,539,384,702,609,371,609,534,609,697,851,364,851,527,851,690
Sub69_block_8,386,343,392,506,392,670,590,340,586,504,593,668,831,343,830,508,831,672
Sub45_block_1,378,349,376,514,381,678,634,350,618,515,626,679,860,350,863,514,870,679
Sub67_block_7,426,344,454,512,445,690,641,342,653,510,657,683,831,365,847,553,852,740
Sub39_block_7,449,350,415,524,403,690,662,376,651,545,666,712,875,363,891,534,899,701
Sub62_block_2,387,406,386,577,387,745,634,416,633,582,637,749,897,407,895,574,895,740
Sub47_block_8,358,401,324,589,311,759,582,430,548,603,545,771,825,404,820,584,815,761
Sub40_block_4,404,436,397,613,374,789,632,430,634,601,658,769,878,399,859,567,911,756
Sub55_block_6,298,448,295,615,292,791,551,449,558,614,558,782,803,444,815,611,808,797
Sub71,345,426,347,590,350,754,584,428,587,592,589,757,852,431,856,599,862,765
Sub49_block_7,364,421,366,586,370,750,616,434,612,598,615,762,874,407,875,571,875,735
Sub37_block_8,375,386,375,549,375,712,611,365,611,528,611,691,879,368,879,531,879,694
Sub69_block_10,375,347,376,512,378,674,638,345,640,510,643,675,867,357,869,521,870,685
Sub30_block_4,441,395,422,567,436,741,638,391,637,558,638,726,869,388,873,557,878,726
Sub30_block_6,395,358,395,521,395,684,595,362,595,525,595,688,835,380,835,543,835,706
Sub67,420,345,425,513,430,678,630,323,639,489,641,656,829,334,844,502,846,666
Sub55_block_4,312,462,314,627,313,794,562,436,553,601,552,768,791,435,796,602,810,780
Sub49_block_5,381,409,378,583,381,748,636,432,638,598,641,763,893,422,895,590,898,757
Sub40_block_6,415,437,376,604,414,777,652,427,645,601,681,782,901,422,909,606,950,793
Sub39_block_5,468,280,444,522,410,696,677,280,647,505,660,682,896,341,862,516,873,688
Sub67_block_5,411,356,444,517,439,692,638,342,647,518,650,688,838,354,856,522,872,698
Sub60_block_9,375,343,375,511,378,676,555,359,552,529,560,700,789,362,769,530,780,700
Sub45_block_3,393,342,403,505,396,671,630,339,642,503,646,670,894,340,901,506,904,673
Sub58_block_10,321,387,309,550,307,716,578,390,569,556,570,720,843,399,842,563,839,728
Sub29_block_2,406,375,400,551,422,727,611,365,622,540,628,716,900,347,901,529,912,705
Sub35_block_3,379,371,379,534,379,697,608,377,608,540,608,703,841,372,841,535,841,698
Sub35_block_2,383,377,383,540,383,703,613,364,613,527,613,690,852,376,852,539,852,702
Sub29_block_3,428,359,405,539,390,710,611,365,608,538,622,712,900,370,903,541,904,708
Sub45_block_2,376,341,378,505,377,671,602,341,603,506,609,670,872,339,883,505,883,669
Sub60_block_8,380,344,381,513,380,685,558,363,562,529,566,701,787,354,816,522,822,689
Sub67_block_4,403,372,400,540,413,712,618,361,626,527,637,691,827,357,839,531,851,708
Sub62_block_1,361,403,357,582,362,747,570,418,559,582,564,754,851,423,837,598,839,762
Sub39_block_4,379,338,379,501,379,664,637,345,637,508,637,671,901,346,901,509,901,672
Sub40_block_7,336,350,341,535,373,755,548,364,559,535,649,757,838,374,872,571,882,746
Sub49_block_4,378,387,379,551,381,716,625,399,627,563,629,727,901,398,903,562,904,725
Sub66,339,495,338,661,338,827,588,482,592,649,595,814,852,497,854,661,859,824
Sub55_block_5,307,437,307,603,306,773,560,459,558,623,558,790,794,449,813,616,810,786
Sub30_block_7,392,339,392,502,392,665,585,341,585,504,585,667,836,347,836,510,836,673
Sub37_block_6,348,364,348,527,348,690,621,394,621,557,621,720,871,394,871,557,871,720
Sub43,341,388,332,552,338,717,576,385,576,549,577,714,835,372,834,545,837,710
Sub57,370,370,374,534,377,699,611,353,616,518,617,685,875,349,882,514,880,680
Sub70_block_2,320,418,320,591,323,761,549,416,552,582,552,749,785,411,788,578,789,748
Sub49_block_9,376,351,377,519,380,684,639,348,639,513,640,676,898,358,898,521,898,686
Sub55_block_8,301,393,310,558,314,723,597,402,602,571,602,736,820,410,834,577,841,746
Sub47_block_6,305,414,298,582,250,760,542,402,560,575,512,752,807,420,818,590,766,758
Sub39_block_9,453,383,424,555,427,733,647,393,634,559,639,729,857,411,875,576,892,749
Sub67_block_9,384,346,401,517,403,689,637,352,638,518,648,693,842,332,842,513,871,699
Sub42_block_3,383,385,384,549,383,713,617,376,620,540,621,704,861,391,865,554,867,719
Sub60_block_5,378,344,383,514,385,684,564,358,576,530,584,699,792,369,798,538,859,705
Sub27_block_1,431,390,423,557,412,726,668,383,630,550,632,719,889,391,874,556,909,725
Sub69_block_6,373,350,380,515,384,681,630,343,633,511,630,676,871,345,867,509,872,674
Sub57_block_1,385,353,390,520,387,684,628,361,631,527,631,692,886,354,893,519,874,684
Sub69_block_7,361,355,365,518,368,682,565,344,570,508,577,671,815,353,820,515,825,680
Sub39_block_10,467,407,448,581,449,754,663,393,649,563,647,741,869,403,874,571,897,743
Sub60_block_4,377,345,357,519,357,690,563,394,555,567,566,738,776,387,780,556,785,725
Sub42_block_2,392,376,394,539,394,703,595,379,593,543,596,706,846,381,851,546,853,710
Sub67_block_8,439,344,458,516,457,687,645,362,653,536,667,708,831,370,860,541,873,713
Sub39_block_8,423,405,420,571,404,740,635,381,626,552,636,717,851,297,839,491,828,664
Sub47_block_7,298,422,290,601,309,807,544,416,541,606,545,778,823,449,807,622,815,800
Sub55_block_9,214,490,19,668,216,676,524,514,483,776,591,1138,1012,559,850,479,745,635
Sub49_block_8,378,375,380,539,380,703,621,372,624,538,620,701,892,396,889,560,886,724
Sub70_block_3,315,401,314,566,309,732,549,408,552,574,550,741,806,400,800,571,801,734
Sub42,399,386,395,550,397,715,635,373,636,538,635,702,862,368,860,532,870,695
Sub37_block_7,347,346,347,509,347,672,620,332,620,495,620,658,876,316,876,479,876,642
Sub30_block_9,380,340,380,503,380,666,591,340,591,503,591,666,821,343,821,506,821,669
Sub70_block_1,370,375,367,537,366,704,601,371,604,535,600,706,844,373,841,545,841,713
Sub54,270,389,260,554,269,722,517,379,525,545,529,716,788,385,789,551,784,716
Sub37_block_5,357,373,357,536,357,699,618,345,618,508,618,671,890,342,890,505,890,668
Sub40,373,423,384,604,386,787,637,450,651,622,666,794,888,431,926,625,934,794
Sub68,287,387,289,551,284,716,522,377,520,542,523,710,787,369,789,535,788,702
Sub40_block_9,401,420,395,587,431,754,645,389,671,565,668,741,898,422,904,589,904,761
Sub47_block_5,363,393,328,557,292,745,598,391,565,570,531,747,835,418,816,586,805,758
Sub27_block_2,404,362,405,532,388,700,641,374,642,547,639,723,899,374,900,546,902,717
Sub60_block_6,376,347,386,515,387,686,556,358,584,530,600,700,799,357,821,523,865,693
Sub69_block_5,374,348,368,514,366,676,603,334,613,500,617,664,856,325,860,493,873,657
Sub57_block_2,395,365,397,529,397,694,622,363,623,526,627,690,851,360,863,525,874,690
Sub57_block_3,382,370,385,534,387,699,626,359,628,523,629,689,885,367,887,532,888,697
Sub69_block_4,367,339,383,507,379,674,608,315,616,491,620,656,819,328,827,494,831,658
Sub60_block_7,380,346,379,516,386,687,562,364,560,537,569,709,799,399,807,568,805,734
Sub27_block_3,402,375,402,548,407,728,637,393,635,568,610,746,895,403,907,578,892,749
Sub42_block_1,430,388,431,552,422,715,632,377,634,542,633,707,889,364,891,530,893,695
Sub47_block_4,283,386,312,565,303,772,539,413,560,583,553,764,798,391,827,556,827,752
Sub40_block_8,400,439,399,609,414,785,625,448,664,628,653,818,901,456,897,633,928,811
Sub69,350,344,362,508,362,675,578,326,582,491,590,656,841,321,844,486,846,652
Sub41,349,379,352,542,350,706,589,377,595,541,597,706,841,366,846,531,848,694
Sub37_block_4,358,366,358,529,358,692,602,385,602,548,602,711,855,359,855,522,855,685
Sub55,295,421,296,589,270,761,570,425,566,589,568,756,831,430,835,594,831,765
Sub30_block_8,384,342,384,505,384,668,584,358,584,521,584,684,814,352,814,515,814,678
Sub70_block_4,296,434,298,598,304,766,552,441,550,609,553,776,794,427,796,608,786,778
Sub45,387,344,387,508,389,673,633,340,633,507,634,670,893,343,897,507,897,673
Sub38_block_10,359,387,361,552,361,717,583,384,588,549,592,713,864,368,865,532,869,697
Sub42_block_5,410,388,403,551,407,714,618,380,623,544,626,707,867,379,868,543,870,707
Sub45_block_9,383,340,389,503,389,668,631,335,632,500,635,664,884,302,887,480,893,643
Sub27_block_7,386,394,390,562,392,746,609,408,613,579,618,750,867,399,869,570,877,743
Sub60_block_3,382,348,389,518,391,689,575,351,580,522,590,694,816,345,821,514,829,683
Sub29_block_8,424,355,428,525,391,693,621,362,621,530,629,698,897,357,897,534,902,701
Sub35_block_9,383,356,383,519,383,682,623,357,623,520,623,683,833,365,833,528,833,691
Sub57_block_7,346,342,347,506,348,670,580,331,584,495,586,658,868,342,875,507,875,674
Sub57_block_6,387,364,390,528,392,696,635,366,643,530,645,693,900,353,908,518,907,684
Sub35_block_8,390,347,390,510,390,673,628,353,628,516,628,679,852,350,852,513,852,676
Sub29_block_9,385,357,386,528,387,700,611,358,627,539,629,708,891,357,901,528,900,701
Sub69_block_1,348,363,361,528,342,694,598,348,603,513,594,678,847,347,836,511,834,675
Sub60_block_2,384,357,388,523,387,694,566,387,569,554,578,721,781,371,783,540,782,710
Sub27_block_6,365,388,365,563,367,734,627,385,600,559,557,725,857,396,870,571,882,743
Sub45_block_8,404,341,404,505,409,670,630,337,640,507,638,672,877,339,887,503,883,667
Sub42_block_4,392,398,392,562,400,724,620,409,621,573,623,737,857,400,859,563,860,727
Sub47_block_1,349,371,336,538,328,708,562,381,562,548,554,721,802,389,818,556,807,725
Sub44,337,352,334,519,325,684,582,348,586,515,586,680,848,346,852,509,850,687
Sub37_block_1,379,373,379,536,379,699,625,387,625,550,625,713,861,380,861,543,861,706
Sub70_block_5,307,412,308,577,309,743,564,406,567,571,571,736,812,414,812,587,798,753
sample,373,399,377,569,375,740,607,402,619,572,621,744,880,399,895,570,895,741
Sub37_block_3,370,360,370,523,370,686,601,365,601,528,601,691,855,350,855,513,855,676
Sub46,381,391,381,556,382,724,638,402,639,576,638,743,889,393,890,557,894,721
Sub70_block_7,295,437,298,606,302,771,539,461,545,630,541,797,804,474,800,637,795,799
Sub49_block_10,365,386,365,551,372,716,585,368,591,537,625,708,836,379,857,548,864,721
Sub62_block_9,378,366,381,529,383,693,588,387,592,551,594,717,876,383,884,548,888,713
Sub47_block_3,282,397,276,562,271,730,526,391,527,556,520,723,796,394,800,559,798,722
Sub42_block_6,426,414,425,578,421,742,630,396,632,561,633,725,862,390,863,555,863,719
Sub27_block_4,393,374,387,542,385,709,631,378,625,545,627,716,896,381,901,560,894,733
Sub69_block_3,372,341,370,507,375,671,635,343,636,512,636,677,880,337,875,501,882,669
Sub57_block_4,381,367,384,531,382,695,616,373,620,537,619,701,857,362,863,525,863,691
Sub57_block_5,390,358,395,521,396,685,610,362,624,526,626,689,902,356,907,520,907,685
Sub69_block_2,335,353,329,516,338,679,560,361,566,524,572,689,814,350,818,513,827,675
Sub27_block_5,381,394,381,562,384,734,601,391,607,566,607,736,884,396,885,566,892,737
Sub60_block_1,358,342,361,510,365,683,595,344,594,518,589,690,814,346,812,514,822,685
Sub42_block_7,404,380,405,544,406,708,607,384,605,547,608,711,851,387,853,551,853,715
Sub47_block_2,353,380,354,546,351,720,580,394,577,562,574,735,825,406,830,570,825,744
Sub62_block_8,390,360,397,523,399,688,641,379,645,543,645,708,897,390,893,555,899,719
Sub70_block_6,313,391,316,557,315,722,573,409,566,584,566,758,843,401,842,570,829,736
Sub53,383,376,386,538,387,703,606,379,614,543,617,709,866,372,870,535,874,699
Sub47,292,411,296,576,296,742,556,404,560,571,549,751,809,408,818,572,808,747
Sub37_block_2,346,375,346,538,346,701,612,371,612,534,612,697,866,359,866,522,866,685
Sub66_block_4,347,427,336,592,324,758,581,437,580,603,580,767,863,451,848,615,843,777
Sub61_block_8,378,346,380,511,385,674,613,348,620,512,623,675,894,339,898,503,896,666
Sub34,332,435,331,601,317,765,575,428,571,594,566,759,825,420,823,585,814,751
Sub58_block_3,371,392,371,557,371,723,616,395,611,561,610,725,840,391,842,554,843,718
Sub44_block_2,371,389,367,556,374,718,589,388,599,551,600,716,822,396,836,559,837,726
Sub28_block_3,374,346,371,516,370,686,600,343,615,513,630,684,842,341,854,508,853,676
Sub34_block_2,305,486,302,652,301,821,557,453,555,620,557,787,812,438,812,602,814,768
Sub31_block_7,405,342,404,508,398,671,639,346,638,510,642,677,899,348,900,514,901,679
Sub53_block_9,373,361,375,525,380,690,586,358,589,521,606,686,898,366,879,534,886,698
Sub54_block_5,245,347,244,514,256,679,506,365,507,530,514,694,785,379,790,546,799,711
Sub41_block_7,319,363,322,526,323,691,572,369,578,533,581,698,831,375,838,539,838,704
Sub23_block_9,308,390,304,557,312,737,539,402,540,570,544,742,795,407,796,581,803,768
Sub63_block_1,396,377,398,559,400,742,632,386,638,555,639,726,862,390,864,556,871,723
Sub38_block_4,365,380,365,543,365,706,627,363,627,526,627,689,884,370,884,533,884,696
Sub38_block_5,357,372,357,535,357,698,607,380,607,543,607,706,883,378,883,541,883,704
Sub23_block_8,327,428,321,592,324,759,534,429,540,598,547,767,804,453,805,622,808,789
Sub43_block_10,326,408,316,572,319,744,567,404,569,570,568,734,829,393,838,557,838,721
Sub41_block_6,340,387,343,550,344,713,565,404,581,567,584,731,840,398,847,561,850,725
Sub54_block_4,282,389,284,557,288,720,527,396,536,561,537,726,768,390,778,554,774,720
Sub53_block_8,382,386,402,553,402,719,610,396,599,560,602,724,877,388,866,550,870,714
Sub44_block_10,374,356,375,522,375,689,639,352,639,517,640,684,886,337,878,501,887,672
Sub31_block_6,401,263,396,471,399,636,601,284,604,450,618,641,803,268,821,437,844,632
Sub34_block_3,313,393,315,560,314,724,548,418,551,583,557,749,824,413,825,577,821,744
Sub28_block_2,395,370,382,540,394,709,627,387,634,558,639,729,872,368,899,538,912,708
Sub44_block_3,337,368,346,533,345,699,576,366,581,529,576,693,832,354,846,518,837,684
Sub58_block_2,369,373,363,539,355,707,606,374,602,540,597,705,831,389,832,552,831,719
Sub61_block_9,397,433,394,596,395,761,635,421,643,585,647,753,899,424,903,590,904,754
Sub35,388,372,376,534,378,698,611,371,611,536,615,700,854,379,857,545,859,707
Sub66_block_5,322,430,322,592,324,756,577,417,580,581,581,743,840,424,848,587,852,754
Sub66_block_7,374,443,377,610,372,785,621,447,623,613,620,778,844,446,844,613,844,777
Sub37,360,385,355,551,360,714,617,377,613,543,618,708,865,367,864,531,872,696
Sub23,328,391,333,556,336,728,564,401,569,568,571,735,821,412,827,582,830,752
Sub27_block_10,367,409,367,578,347,762,625,393,626,560,627,732,861,411,868,580,851,746
Sub44_block_1,324,360,318,527,321,691,554,356,558,520,559,686,821,362,825,527,823,691
Sub68_block_8,313,467,311,632,301,805,543,463,543,629,544,805,803,460,812,631,814,803
Sub34_block_1,349,373,342,538,332,703,574,371,575,536,576,700,838,404,840,568,840,733
Sub31_block_4,386,332,391,501,394,665,593,333,596,498,598,663,902,361,898,523,901,687
Sub36_block_8,353,361,353,524,353,687,588,357,588,520,588,683,831,354,831,517,831,680
Sub54_block_6,263,398,268,562,265,726,513,386,518,549,520,713,780,376,790,541,779,705
Sub41_block_4,356,354,357,520,357,685,583,359,586,524,599,690,823,354,830,519,834,684
Sub46_block_8,363,363,363,528,369,692,596,354,607,517,610,679,890,372,891,539,892,704
Sub38_block_7,358,385,358,548,358,711,605,383,605,546,605,709,841,368,841,531,841,694
Sub63_block_2,379,378,392,540,394,708,609,367,616,531,611,695,875,391,881,555,876,720
Sub35_block_10,385,385,381,547,381,711,602,381,603,546,609,710,823,376,829,542,833,707
Sub60_block_10,376,346,380,513,379,683,557,363,557,534,555,704,793,384,799,550,798,717
Sub38_block_6,316,373,316,536,316,699,598,388,598,551,598,714,873,400,873,563,873,726
Sub63_block_3,401,391,399,553,391,716,633,387,635,552,634,718,892,379,890,546,892,712
Sub46_block_9,375,372,380,535,380,701,610,370,607,532,612,696,855,377,857,541,862,707
Sub41_block_5,340,384,341,548,342,712,584,368,591,531,599,695,835,364,841,528,846,692
Sub54_block_7,267,384,268,549,237,716,512,381,511,543,515,708,773,382,767,547,781,711
Sub67_block_10,390,340,400,508,404,679,633,346,642,516,641,689,830,352,850,522,866,695
Sub36_block_9,335,364,335,527,335,690,578,369,578,532,578,695,832,369,832,532,832,695
Sub31_block_5,401,347,401,512,402,676,629,348,633,511,636,675,922,348,922,512,926,677
Sub28_block_1,385,355,380,523,387,692,634,377,641,550,636,730,891,400,897,571,899,748
Sub68_block_9,305,403,307,569,275,738,553,400,559,569,544,738,805,390,811,562,810,734
Sub58_block_1,349,407,345,570,341,735,582,401,587,565,586,730,831,402,837,568,840,731
Sub36,313,347,321,514,322,680,574,342,575,510,580,674,828,348,839,515,840,680
Sub66_block_6,350,437,344,604,344,773,599,434,596,604,591,771,870,444,867,608,859,771
Sub45_block_10,419,332,423,499,419,666,638,336,644,504,645,670,886,338,902,510,902,677
Sub43_block_8,340,380,344,545,344,710,570,381,575,544,577,708,810,371,818,535,805,699
Sub66_block_2,368,454,376,617,381,799,623,453,627,622,635,796,891,448,891,617,893,784
Sub44_block_4,354,345,356,509,358,675,576,346,579,510,581,678,809,350,824,512,828,678
Sub58_block_5,381,359,383,524,375,689,589,371,588,537,586,701,820,383,819,552,832,714
Sub26,358,364,364,541,367,708,585,397,591,566,592,735,830,368,836,538,844,708
Sub42_block_10,397,381,402,544,406,709,616,354,621,516,622,679,864,349,867,512,868,677
Sub33_block_8,366,447,367,612,364,780,592,456,591,620,587,784,827,442,827,608,827,772
Sub34_block_4,338,420,322,582,325,749,552,425,554,590,551,755,828,429,821,595,818,760
Sub28_block_5,373,373,370,549,370,717,583,377,579,546,585,717,838,368,835,535,841,704
Sub31_block_1,422,382,410,545,411,708,618,370,619,534,621,698,871,341,875,513,876,678
Sub54_block_3,241,396,255,575,272,741,513,396,525,562,526,727,795,396,795,560,793,725
Sub71_block_9,344,416,353,580,352,743,594,423,594,588,596,752,847,412,856,578,862,743
Sub41_block_1,348,374,349,540,352,705,595,369,595,534,596,700,845,362,847,527,849,693
Sub63_block_7,373,372,383,538,381,705,599,380,604,542,607,706,866,378,873,542,878,708
Sub38_block_2,337,407,337,570,337,733,585,385,585,548,585,711,846,386,846,549,846,712
Sub63_block_6,376,371,382,533,385,696,621,379,618,545,622,709,864,377,856,542,860,708
Sub38_block_3,354,399,354,562,354,725,608,409,608,572,608,735,857,417,857,580,857,743
Sub57_block_10,407,375,409,538,408,700,615,362,621,526,626,690,877,371,871,536,872,700
Sub71_block_8,347,442,350,614,363,788,575,453,579,620,588,792,853,474,856,639,852,805
Sub54_block_2,296,379,299,544,299,710,520,391,528,556,535,721,764,387,777,550,775,712
Sub28_block_4,341,381,360,552,366,725,594,381,618,550,623,731,858,364,882,536,851,706
Sub34_block_5,350,412,350,577,346,743,579,406,565,573,561,741,832,415,834,580,822,743
Sub33_block_9,365,383,367,548,368,713,591,386,591,551,595,714,825,359,827,523,832,688
Sub27,373,399,377,569,375,740,607,402,619,572,621,744,880,399,895,570,895,741
Sub33,371,411,364,577,367,743,589,411,592,576,587,741,834,415,836,578,839,744
Sub58_block_4,336,382,331,548,332,713,555,397,555,562,557,725,785,405,787,585,792,750
Sub44_block_5,338,337,343,503,345,670,570,352,575,517,576,682,813,355,823,521,825,683
Sub66_block_3,378,415,378,580,369,743,596,421,590,584,589,749,864,417,860,582,861,746
Sub43_block_9,339,384,341,548,343,713,559,386,567,550,572,716,824,393,830,557,831,723
Sub66_block_1,359,443,360,610,356,806,612,439,609,606,597,771,874,430,872,594,866,761
Sub58_block_6,319,380,328,542,336,707,575,377,581,541,584,705,829,389,834,552,834,717
Sub66_block_10,368,397,370,562,367,727,593,440,593,604,596,770,861,438,851,601,847,767
Sub33_block_10,385,399,386,563,377,728,590,406,594,570,591,734,806,397,814,562,816,728
Sub44_block_7,314,344,316,508,317,674,580,346,580,510,586,676,827,345,832,511,834,675
Sub26_block_9,380,341,389,510,384,681,601,336,617,511,614,682,848,344,852,511,865,684
Sub31,393,274,400,440,404,607,633,298,634,464,638,629,881,298,884,463,884,629
Sub28_block_6,354,339,382,522,386,694,623,369,634,538,631,712,892,355,893,530,897,701
Sub61_block_10,381,349,384,513,375,676,639,347,637,512,640,676,895,348,891,513,896,676
Sub34_block_10,371,390,375,554,373,721,573,396,583,558,579,723,826,394,834,558,828,723
Sub34_block_7,347,426,343,591,336,759,569,426,567,593,560,758,834,404,823,568,815,730
Sub31_block_2,399,351,383,514,385,679,616,361,617,525,614,687,890,366,887,531,883,693
Sub41_block_2,367,380,363,546,364,710,587,377,589,541,591,704,840,384,842,547,844,712
Sub38_block_1,336,352,336,515,336,678,597,378,597,541,597,704,848,378,848,541,848,704
Sub63_block_4,390,403,394,568,390,732,628,409,630,572,636,742,871,395,875,558,871,725
Sub63_block_5,389,358,397,526,392,691,630,358,635,523,633,688,864,367,878,529,883,693
Sub41_block_3,345,366,352,534,355,698,601,360,600,527,605,692,852,366,850,532,851,696
Sub54_block_1,287,384,290,555,293,720,525,371,528,535,534,700,784,366,787,532,790,695
Sub26_block_10,402,344,389,518,391,687,610,335,612,511,626,682,855,343,858,518,852,691
Sub31_block_3,418,320,413,484,413,647,616,331,624,497,622,666,894,330,903,493,904,660
Sub34_block_6,338,423,334,585,320,752,587,428,578,594,575,759,839,434,836,597,821,763
Sub28_block_7,370,346,369,512,371,686,596,361,585,528,596,696,842,358,848,528,858,698
Sub30,391,357,394,527,400,696,607,349,612,518,616,688,829,348,833,516,836,685
Sub26_block_8,384,370,380,539,387,709,583,367,590,541,605,710,812,356,822,529,845,705
Sub44_block_6,381,343,381,510,326,676,577,355,584,521,579,689,839,353,826,518,850,685
Sub58_block_7,342,387,340,559,339,728,576,398,586,563,586,727,817,395,821,560,824,724
