Unnamed: 0,Trial,AoI,Onset,Offset,Duration,Feature,Block
26,1,6.0,2.012,2.432,0.4199999999999999,1.0,1
27,1,5.0,2.436,2.652,0.2160000000000002,6.0,1
28,1,4.0,2.656,2.904,0.2479999999999997,9.0,1
29,1,5.0,2.908,3.648,0.7400000000000002,6.0,1
30,1,10.0,3.652,3.916,0.2639999999999998,10.0,1
31,1,2.0,3.92,4.0120000000000005,0.0920000000000005,5.0,1
48,2,9.0,2.552,2.752,0.2000000000000001,3.0,1
49,2,10.0,2.948,2.952,0.004,10.0,1
50,2,7.0,2.956,2.96,0.004,7.0,1
51,2,10.0,2.964,2.976,0.012,10.0,1
52,2,7.0,2.98,3.1,0.1200000000000001,7.0,1
53,2,10.0,3.104,3.112,0.008,10.0,1
54,2,8.0,3.116,3.128,0.012,4.0,1
55,2,10.0,3.132,3.136,0.004,10.0,1
56,2,7.0,3.14,3.2840000000000003,0.1440000000000001,7.0,1
57,2,10.0,3.2880000000000003,3.2960000000000003,0.008,10.0,1
59,2,10.0,3.3040000000000003,3.3080000000000003,0.004,10.0,1
60,2,7.0,3.3120000000000003,3.4,0.0879999999999996,7.0,1
62,2,10.0,3.408,3.412,0.004,10.0,1
63,2,5.0,3.416,3.44,0.024,5.0,1
64,2,10.0,3.444,3.452,0.008,10.0,1
66,2,10.0,3.46,4.008,0.548,10.0,1
81,3,2.0,2.44,2.452,0.012,6.0,1
82,3,1.0,2.456,3.456,1.0,9.0,1
83,3,4.0,3.652,3.676,0.024,8.0,1
88,3,5.0,3.696,3.708,0.012,4.0,1
90,3,5.0,3.716,3.728,0.012,4.0,1
91,3,10.0,3.732,3.736,0.004,10.0,1
93,3,10.0,3.744,3.748,0.004,10.0,1
94,3,5.0,3.752,3.764,0.012,4.0,1
95,3,10.0,3.768,3.772,0.004,10.0,1
98,3,5.0,3.784,3.788,0.004,4.0,1
99,3,10.0,3.792,3.796,0.004,10.0,1
100,3,4.0,3.8,3.82,0.02,8.0,1
102,3,5.0,3.828,3.836,0.008,4.0,1
104,3,4.0,3.844,4.0120000000000005,0.1680000000000006,8.0,1
118,4,10.0,2.696,2.704,0.008,10.0,1
119,4,5.0,2.708,3.844,1.1359999999999997,6.0,1
120,4,4.0,3.848,4.008,0.1600000000000001,7.0,1
126,5,10.0,2.54,2.552,0.012,10.0,1
127,5,4.0,2.556,2.732,0.1760000000000001,8.0,1
128,5,5.0,2.736,2.988,0.2519999999999998,5.0,1
129,5,6.0,2.992,3.224,0.2320000000000002,3.0,1
130,5,5.0,3.228,3.24,0.012,5.0,1
131,5,4.0,3.244,3.456,0.2119999999999997,8.0,1
132,5,10.0,3.46,3.468,0.008,10.0,1
133,5,1.0,3.472,4.008,0.536,7.0,1
140,6,1.0,2.56,2.836,0.2759999999999998,8.0,1
141,6,10.0,2.84,2.844,0.004,10.0,1
142,6,1.0,2.848,3.584,0.7360000000000002,8.0,1
143,6,10.0,3.588,4.0120000000000005,0.4240000000000004,10.0,1
156,7,5.0,2.4,2.424,0.024,5.0,1
157,7,4.0,2.58,2.8040000000000003,0.2240000000000002,8.0,1
158,7,5.0,2.8080000000000003,2.8120000000000003,0.004,5.0,1
160,7,4.0,2.82,3.408,0.5880000000000001,8.0,1
161,7,10.0,3.412,3.416,0.004,10.0,1
162,7,10.0,3.568,3.808,0.2400000000000002,10.0,1
163,7,4.0,3.812,3.832,0.02,8.0,1
164,7,10.0,3.836,3.904,0.0679999999999996,10.0,1
165,7,4.0,3.908,3.944,0.036,8.0,1
166,7,10.0,3.948,3.952,0.004,10.0,1
168,7,10.0,3.96,4.008,0.048,10.0,1
176,9,10.0,2.44,2.444,0.004,10.0,1
177,9,8.0,2.688,2.824,0.1359999999999996,6.0,1
178,9,9.0,2.828,3.376,0.548,2.0,1
179,9,10.0,3.38,3.388,0.008,10.0,1
180,9,5.0,3.392,3.416,0.024,5.0,1
181,9,10.0,3.42,3.832,0.4120000000000003,10.0,1
182,9,4.0,3.836,4.008,0.1719999999999997,9.0,1
190,10,8.0,2.368,2.652,0.2840000000000002,5.0,1
191,10,7.0,2.656,2.816,0.1599999999999997,8.0,1
192,10,10.0,2.82,2.828,0.008,10.0,1
193,10,10.0,2.972,3.06,0.088,10.0,1
194,10,7.0,3.064,3.084,0.02,8.0,1
196,10,7.0,3.092,3.38,0.2879999999999998,8.0,1
199,10,5.0,3.392,3.916,0.524,4.0,1
200,10,10.0,3.92,4.008,0.088,10.0,1
209,11,2.0,2.744,2.932,0.1879999999999997,4.0,1
210,11,1.0,2.936,2.94,0.004,8.0,1
212,11,1.0,2.948,3.392,0.4439999999999999,8.0,1
213,11,10.0,3.396,3.472,0.076,10.0,1
214,11,1.0,3.476,3.516,0.04,8.0,1
215,11,10.0,3.52,3.528,0.008,10.0,1
216,11,4.0,3.532,3.536,0.004,7.0,1
217,11,5.0,3.54,3.864,0.3239999999999998,5.0,1
218,11,4.0,3.868,4.008,0.1400000000000001,7.0,1
230,12,5.0,2.388,2.392,0.004,4.0,1
232,12,2.0,2.4,2.688,0.2880000000000002,5.0,1
233,12,3.0,2.692,2.872,0.1799999999999997,2.0,1
235,12,4.0,3.064,3.068,0.004,7.0,1
238,12,1.0,3.08,3.448,0.3679999999999999,8.0,1
239,12,10.0,3.452,3.456,0.004,10.0,1
240,12,4.0,3.46,3.468,0.008,7.0,1
241,12,5.0,3.472,3.94,0.4679999999999999,4.0,1
242,12,4.0,3.944,4.008,0.064,7.0,1
246,13,8.0,2.564,2.576,0.012,6.0,1
247,13,9.0,2.58,3.0,0.4199999999999999,3.0,1
248,13,8.0,3.004,3.372,0.3679999999999999,6.0,1
249,13,10.0,3.376,3.38,0.004,10.0,1
250,13,5.0,3.384,3.404,0.02,4.0,1
251,13,10.0,3.408,4.008,0.6000000000000001,10.0,1
256,14,8.0,2.3040000000000003,2.6,0.2959999999999998,4.0,1
257,14,8.0,2.832,3.3160000000000003,0.4840000000000004,4.0,1
258,14,10.0,3.3200000000000003,3.3280000000000003,0.008,10.0,1
259,14,4.0,3.332,3.348,0.016,7.0,1
260,14,10.0,3.352,3.596,0.2440000000000002,10.0,1
261,14,1.0,3.6,4.008,0.4079999999999999,9.0,1
267,15,8.0,2.308,2.312,0.004,4.0,1
268,15,8.0,2.524,2.74,0.2160000000000002,4.0,1
269,15,9.0,2.744,3.3280000000000003,0.5840000000000001,3.0,1
270,15,10.0,3.332,3.348,0.016,10.0,1
271,15,5.0,3.352,3.356,0.004,6.0,1
272,15,4.0,3.36,3.384,0.024,9.0,1
273,15,10.0,3.388,3.396,0.008,10.0,1
274,15,4.0,3.4,3.412,0.012,9.0,1
275,15,10.0,3.416,3.556,0.1400000000000001,10.0,1
276,15,1.0,3.56,3.58,0.02,7.0,1
277,15,10.0,3.584,4.0120000000000005,0.4280000000000004,10.0,1
288,16,2.0,2.908,2.916,0.008,4.0,1
289,16,3.0,2.92,3.372,0.4519999999999999,3.0,1
290,16,10.0,3.376,3.38,0.004,10.0,1
291,16,5.0,3.384,3.856,0.472,5.0,1
293,16,10.0,3.864,4.008,0.1440000000000001,10.0,1
300,17,3.0,2.856,3.3120000000000003,0.4560000000000004,1.0,1
301,17,10.0,3.3160000000000003,3.3200000000000003,0.004,10.0,1
302,17,5.0,3.3240000000000003,3.768,0.4439999999999999,6.0,1
303,17,4.0,3.772,3.78,0.008,9.0,1
304,17,10.0,3.784,3.788,0.004,10.0,1
305,17,4.0,3.792,4.0120000000000005,0.2200000000000002,9.0,1
311,18,2.0,2.484,2.5,0.016,5.0,1
312,18,3.0,2.504,3.388,0.8839999999999999,3.0,1
313,18,10.0,3.392,3.4,0.008,10.0,1
314,18,5.0,3.404,3.716,0.3120000000000003,6.0,1
315,18,4.0,3.72,3.736,0.016,9.0,1
316,18,10.0,3.74,4.0120000000000005,0.2720000000000002,10.0,1
334,19,5.0,2.332,2.632,0.3000000000000002,5.0,1
335,19,6.0,2.636,3.236,0.6000000000000001,2.0,1
336,19,5.0,3.24,3.252,0.012,5.0,1
337,19,4.0,3.256,3.632,0.3759999999999999,8.0,1
338,19,5.0,3.636,4.0,0.3639999999999999,5.0,1
339,19,4.0,4.004,4.008,0.0039999999999995,8.0,1
345,20,2.0,2.348,2.364,0.016,4.0,1
346,20,3.0,2.368,3.436,1.068,2.0,1
347,20,10.0,3.44,3.444,0.004,10.0,1
348,20,5.0,3.448,3.76,0.3120000000000003,6.0,1
349,20,4.0,3.764,3.772,0.008,7.0,1
350,20,10.0,3.776,3.78,0.004,10.0,1
351,20,4.0,3.784,3.872,0.0879999999999996,7.0,1
352,20,10.0,3.876,3.88,0.004,10.0,1
353,20,4.0,3.884,3.94,0.056,7.0,1
354,20,10.0,3.944,4.008,0.064,10.0,1
360,21,6.0,2.916,2.924,0.008,1.0,1
361,21,5.0,2.928,2.94,0.012,4.0,1
362,21,6.0,2.944,2.98,0.036,1.0,1
364,21,5.0,2.988,2.996,0.008,4.0,1
366,21,6.0,3.004,3.144,0.1400000000000001,1.0,1
367,21,10.0,3.148,3.168,0.02,10.0,1
368,21,5.0,3.172,3.208,0.036,4.0,1
369,21,10.0,3.212,3.248,0.036,10.0,1
370,21,5.0,3.252,3.6,0.3479999999999998,4.0,1
371,21,10.0,3.604,3.616,0.012,10.0,1
372,21,6.0,3.62,3.648,0.028,1.0,1
373,21,10.0,3.652,3.664,0.012,10.0,1
374,21,6.0,3.668,3.676,0.008,1.0,1
375,21,10.0,3.68,3.684,0.004,10.0,1
376,21,6.0,3.688,3.756,0.068,1.0,1
377,21,10.0,3.76,3.768,0.008,10.0,1
378,21,5.0,3.772,3.992,0.2199999999999997,4.0,1
379,21,10.0,3.996,4.0,0.004,10.0,1
380,21,6.0,4.004,4.0120000000000005,0.008,1.0,1
390,22,10.0,2.616,2.624,0.008,10.0,1
391,22,2.0,2.628,3.412,0.7839999999999998,6.0,1
392,22,3.0,3.416,4.0120000000000005,0.5960000000000005,2.0,1
403,23,10.0,2.12,2.124,0.004,10.0,1
404,23,9.0,2.128,2.764,0.6360000000000001,2.0,1
405,23,10.0,2.768,2.772,0.004,10.0,1
406,23,6.0,2.776,2.98,0.2039999999999997,3.0,1
407,23,10.0,2.984,2.988,0.004,10.0,1
408,23,3.0,2.992,3.04,0.048,1.0,1
409,23,10.0,3.044,3.276,0.2320000000000002,10.0,1
410,23,3.0,3.28,3.2920000000000003,0.012,1.0,1
411,23,2.0,3.2960000000000003,4.0,0.7039999999999997,5.0,1
412,23,3.0,4.004,4.0120000000000005,0.008,1.0,1
421,24,4.0,2.172,2.576,0.4039999999999999,8.0,1
422,24,5.0,2.58,2.744,0.1640000000000001,4.0,1
423,24,4.0,2.748,2.78,0.032,8.0,1
424,24,10.0,2.7840000000000003,2.7880000000000003,0.004,10.0,1
425,24,1.0,2.7920000000000003,2.872,0.0799999999999996,7.0,1
426,24,10.0,2.876,2.88,0.004,10.0,1
427,24,4.0,2.884,2.892,0.008,8.0,1
429,24,4.0,2.9,3.492,0.5920000000000001,8.0,1
430,24,5.0,3.496,3.632,0.1360000000000001,4.0,1
431,24,10.0,3.636,3.644,0.008,10.0,1
433,24,10.0,3.652,3.664,0.012,10.0,1
434,24,4.0,3.668,4.008,0.3399999999999998,8.0,1
440,25,10.0,2.1,2.104,0.004,10.0,1
441,25,8.0,2.108,2.12,0.012,5.0,1
442,25,10.0,2.124,2.524,0.3999999999999999,10.0,1
443,25,8.0,2.528,2.708,0.1800000000000001,5.0,1
445,25,9.0,2.716,2.944,0.2279999999999997,1.0,1
446,25,8.0,2.948,3.16,0.2120000000000002,5.0,1
447,25,7.0,3.164,3.576,0.4119999999999999,7.0,1
449,25,8.0,3.584,3.756,0.1720000000000001,5.0,1
450,25,10.0,3.76,3.764,0.004,10.0,1
451,25,5.0,3.768,3.98,0.2119999999999997,6.0,1
452,25,10.0,3.984,3.988,0.004,10.0,1
453,25,2.0,3.992,4.0120000000000005,0.0200000000000004,4.0,1
462,26,10.0,2.192,2.58,0.3879999999999999,10.0,1
463,26,4.0,2.584,2.592,0.008,8.0,1
464,26,10.0,2.596,2.664,0.068,10.0,1
465,26,7.0,2.668,2.672,0.004,9.0,1
466,26,10.0,2.676,2.68,0.004,10.0,1
467,26,7.0,2.684,2.972,0.2879999999999998,9.0,1
468,26,8.0,2.976,2.984,0.008,6.0,1
469,26,9.0,2.988,3.2,0.2120000000000002,1.0,1
470,26,8.0,3.204,3.216,0.012,6.0,1
471,26,7.0,3.22,3.512,0.2919999999999998,9.0,1
472,26,8.0,3.516,3.524,0.008,6.0,1
473,26,9.0,3.528,3.736,0.2080000000000001,1.0,1
474,26,8.0,3.74,4.016,0.2759999999999998,6.0,1
481,27,5.0,2.584,2.592,0.008,6.0,1
482,27,10.0,2.596,2.7880000000000003,0.1920000000000001,10.0,1
483,27,5.0,2.7920000000000003,4.0120000000000005,1.2200000000000002,6.0,1
518,29,6.0,2.524,2.528,0.004,1.0,1
520,29,9.0,2.536,4.016,1.48,3.0,1
531,30,10.0,2.092,2.556,0.4639999999999999,10.0,1
532,30,1.0,2.56,2.992,0.4319999999999999,8.0,1
533,30,1.0,3.104,4.0120000000000005,0.9080000000000004,8.0,1
540,31,10.0,2.132,2.148,0.016,10.0,1
541,31,2.0,2.152,2.584,0.4319999999999999,6.0,1
542,31,10.0,2.588,2.596,0.008,10.0,1
543,31,4.0,2.6,2.64,0.04,8.0,1
545,31,5.0,2.648,2.8040000000000003,0.1560000000000001,5.0,1
546,31,4.0,2.8080000000000003,2.964,0.1559999999999997,8.0,1
547,31,10.0,2.968,2.972,0.004,10.0,1
548,31,1.0,2.976,3.188,0.2120000000000002,9.0,1
550,31,4.0,3.196,3.204,0.008,8.0,1
551,31,5.0,3.208,3.3280000000000003,0.1200000000000001,5.0,1
552,31,10.0,3.332,3.348,0.016,10.0,1
553,31,5.0,3.352,3.356,0.004,5.0,1
557,31,4.0,3.372,3.376,0.004,8.0,1
558,31,10.0,3.38,3.392,0.012,10.0,1
559,31,4.0,3.396,3.496,0.1,8.0,1
561,31,5.0,3.504,4.0120000000000005,0.5080000000000005,5.0,1
570,32,4.0,2.124,2.648,0.524,8.0,1
571,32,5.0,2.652,3.696,1.044,4.0,1
572,32,4.0,3.7,4.016,0.3159999999999998,8.0,1
579,33,4.0,2.728,3.088,0.3599999999999999,8.0,1
580,33,10.0,3.092,3.096,0.004,10.0,1
581,33,7.0,3.1,3.3200000000000003,0.2200000000000002,7.0,1
582,33,8.0,3.3240000000000003,4.0120000000000005,0.6880000000000002,6.0,1
588,34,4.0,2.588,2.596,0.008,8.0,1
590,34,10.0,2.604,2.608,0.004,10.0,1
591,34,2.0,2.612,3.676,1.064,4.0,1
593,34,5.0,3.684,4.0120000000000005,0.3280000000000003,5.0,1
605,35,6.0,2.572,4.016,1.444,2.0,1
611,36,5.0,2.212,2.572,0.3599999999999999,4.0,1
612,36,10.0,2.576,2.584,0.008,10.0,1
613,36,2.0,2.588,2.7920000000000003,0.2040000000000001,6.0,1
615,36,5.0,2.8000000000000003,3.032,0.2319999999999997,4.0,1
616,36,6.0,3.036,4.008,0.972,1.0,1
622,37,9.0,2.56,2.656,0.096,3.0,1
623,37,10.0,2.66,2.664,0.004,10.0,1
624,37,9.0,2.668,4.008,1.34,3.0,1
632,38,4.0,2.2840000000000003,2.2920000000000003,0.008,7.0,1
633,38,10.0,2.2960000000000003,2.54,0.2439999999999997,10.0,1
634,38,4.0,2.544,2.552,0.008,7.0,1
635,38,10.0,2.556,2.944,0.3879999999999999,10.0,1
636,38,8.0,2.948,3.36,0.4119999999999999,5.0,1
637,38,10.0,3.364,3.368,0.004,10.0,1
638,38,8.0,3.372,3.664,0.2920000000000002,5.0,1
639,38,8.0,3.676,3.736,0.06,5.0,1
640,38,10.0,3.74,3.824,0.084,10.0,1
641,38,5.0,3.828,4.0120000000000005,0.1840000000000001,6.0,1
649,39,10.0,2.068,2.072,0.004,10.0,1
650,39,8.0,2.076,2.08,0.004,4.0,1
651,39,10.0,2.092,2.096,0.004,10.0,1
652,39,5.0,2.1,2.108,0.008,6.0,1
653,39,6.0,2.112,2.132,0.02,2.0,1
654,39,5.0,2.136,2.876,0.7399999999999998,6.0,1
655,39,4.0,2.88,3.1,0.2200000000000002,8.0,1
656,39,5.0,3.104,3.3200000000000003,0.2160000000000002,6.0,1
657,39,4.0,3.3240000000000003,3.76,0.4359999999999999,8.0,1
659,39,10.0,3.768,3.952,0.1839999999999997,10.0,1
660,39,5.0,3.956,4.008,0.052,6.0,1
689,40,10.0,2.004,2.008,0.004,10.0,1
690,40,6.0,2.012,2.024,0.012,1.0,1
691,40,10.0,2.028,2.256,0.2280000000000002,10.0,1
692,40,3.0,2.26,2.376,0.1159999999999996,3.0,1
693,40,10.0,2.6,2.612,0.012,10.0,1
694,40,5.0,2.64,2.66,0.02,6.0,1
695,40,10.0,2.664,2.752,0.088,10.0,1
696,40,6.0,2.756,2.76,0.004,1.0,1
698,40,8.0,2.768,2.772,0.004,5.0,1
700,40,8.0,2.78,2.7880000000000003,0.008,5.0,1
701,40,10.0,2.7920000000000003,3.424,0.6319999999999997,10.0,1
702,40,8.0,3.428,3.496,0.068,5.0,1
703,40,9.0,3.5,3.508,0.008,2.0,1
704,40,8.0,3.512,3.516,0.004,5.0,1
9,41,5.0,2.076,2.704,0.6280000000000001,6.0,2
10,41,4.0,2.708,2.944,0.2359999999999997,7.0,2
11,41,5.0,2.948,3.82,0.8720000000000003,6.0,2
12,41,4.0,3.824,3.832,0.008,7.0,2
13,41,10.0,3.836,3.984,0.1479999999999997,10.0,2
14,41,4.0,3.988,3.992,0.004,7.0,2
15,41,10.0,3.996,4.008,0.012,10.0,2
23,42,7.0,2.032,2.376,0.3439999999999998,7.0,2
25,42,8.0,2.384,2.388,0.004,5.0,2
27,42,8.0,2.396,2.596,0.2000000000000001,5.0,2
28,42,7.0,2.6,2.7840000000000003,0.1840000000000001,7.0,2
29,42,8.0,2.7880000000000003,2.8000000000000003,0.012,5.0,2
30,42,9.0,2.8040000000000003,2.8080000000000003,0.004,3.0,2
31,42,8.0,2.8120000000000003,3.052,0.2399999999999997,5.0,2
32,42,9.0,3.056,3.34,0.2839999999999998,3.0,2
33,42,10.0,3.344,3.352,0.008,10.0,2
34,42,5.0,3.356,3.372,0.016,6.0,2
35,42,10.0,3.376,3.808,0.4320000000000004,10.0,2
36,42,1.0,3.812,4.008,0.1959999999999997,9.0,2
41,43,6.0,2.36,2.372,0.012,1.0,2
43,43,6.0,2.38,2.568,0.1880000000000001,1.0,2
45,43,5.0,2.576,2.584,0.008,4.0,2
46,43,4.0,2.588,2.7880000000000003,0.2000000000000001,7.0,2
47,43,5.0,2.7920000000000003,2.7960000000000003,0.004,4.0,2
48,43,10.0,2.8000000000000003,2.8080000000000003,0.008,10.0,2
49,43,6.0,2.8120000000000003,3.02,0.2079999999999997,1.0,2
50,43,5.0,3.024,3.032,0.008,4.0,2
51,43,4.0,3.036,4.0120000000000005,0.9760000000000004,7.0,2
55,44,2.0,2.34,2.592,0.2520000000000002,6.0,2
56,44,3.0,2.764,3.072,0.3079999999999998,2.0,2
57,44,2.0,3.076,3.08,0.004,6.0,2
58,44,1.0,3.084,3.508,0.4239999999999999,7.0,2
59,44,10.0,3.512,3.516,0.004,10.0,2
61,44,5.0,3.524,3.784,0.2600000000000002,4.0,2
62,44,4.0,3.788,3.812,0.024,8.0,2
63,44,10.0,3.816,4.008,0.1919999999999997,10.0,2
66,45,8.0,2.364,2.38,0.016,6.0,2
67,45,9.0,2.384,3.384,1.0,2.0,2
68,45,10.0,3.388,3.392,0.004,10.0,2
69,45,10.0,3.616,3.92,0.3039999999999998,10.0,2
70,45,5.0,3.924,3.928,0.004,5.0,2
71,45,4.0,3.932,4.008,0.076,8.0,2
75,46,10.0,3.36,3.372,0.012,10.0,2
76,46,5.0,3.376,3.86,0.484,4.0,2
77,46,10.0,3.864,4.0120000000000005,0.1480000000000005,10.0,2
80,47,10.0,3.404,3.412,0.008,10.0,2
81,47,4.0,3.416,3.772,0.3560000000000003,9.0,2
82,47,10.0,3.776,3.796,0.02,10.0,2
83,47,4.0,3.8,3.808,0.008,9.0,2
84,47,10.0,3.812,3.844,0.0319999999999995,10.0,2
85,47,4.0,3.848,3.852,0.004,9.0,2
86,47,10.0,3.856,3.864,0.008,10.0,2
87,47,4.0,3.868,4.008,0.1400000000000001,9.0,2
94,48,6.0,3.26,3.42,0.1599999999999997,1.0,2
95,48,5.0,3.424,3.888,0.4639999999999999,6.0,2
96,48,4.0,3.892,4.0120000000000005,0.1200000000000005,7.0,2
110,49,8.0,2.9,2.916,0.016,5.0,2
111,49,9.0,2.92,3.18,0.2600000000000002,2.0,2
112,49,10.0,3.184,3.196,0.012,10.0,2
113,49,8.0,3.2,3.208,0.008,5.0,2
114,49,10.0,3.212,3.224,0.012,10.0,2
116,49,10.0,3.232,3.236,0.004,10.0,2
118,49,10.0,3.244,3.248,0.004,10.0,2
119,49,8.0,3.252,3.268,0.016,5.0,2
120,49,10.0,3.272,3.3040000000000003,0.032,10.0,2
121,49,4.0,3.3080000000000003,3.52,0.2119999999999997,8.0,2
122,49,10.0,3.524,3.764,0.2400000000000002,10.0,2
123,49,4.0,3.768,3.884,0.1159999999999996,8.0,2
125,49,5.0,3.892,3.896,0.004,4.0,2
126,49,10.0,3.9,3.916,0.016,10.0,2
127,49,4.0,3.92,4.008,0.088,8.0,2
133,50,9.0,2.856,3.028,0.1720000000000001,3.0,2
134,50,8.0,3.032,3.3080000000000003,0.2760000000000002,6.0,2
135,50,10.0,3.3120000000000003,3.3200000000000003,0.008,10.0,2
136,50,5.0,3.3240000000000003,4.008,0.6839999999999997,4.0,2
148,51,10.0,2.84,2.848,0.008,10.0,2
149,51,10.0,3.208,3.22,0.012,10.0,2
150,51,8.0,3.224,3.232,0.008,6.0,2
152,51,10.0,3.24,3.44,0.1999999999999997,10.0,2
153,51,5.0,3.444,3.916,0.472,4.0,2
155,51,4.0,3.924,4.008,0.084,7.0,2
159,52,2.0,2.348,2.824,0.476,4.0,2
160,52,3.0,3.172,3.432,0.2599999999999998,3.0,2
161,52,10.0,3.436,3.44,0.004,10.0,2
162,52,5.0,3.444,3.472,0.028,5.0,2
163,52,4.0,3.476,3.48,0.004,9.0,2
164,52,5.0,3.484,3.652,0.1680000000000001,5.0,2
166,52,10.0,3.66,4.008,0.3479999999999998,10.0,2
169,53,5.0,2.472,2.488,0.016,4.0,2
170,53,6.0,2.492,3.392,0.8999999999999999,2.0,2
171,53,5.0,3.632,3.948,0.3159999999999998,4.0,2
172,53,4.0,3.952,4.008,0.056,7.0,2
174,54,5.0,2.364,2.376,0.012,4.0,2
175,54,6.0,2.38,2.732,0.3520000000000003,1.0,2
176,54,5.0,2.992,3.948,0.956,4.0,2
177,54,10.0,3.952,3.968,0.016,10.0,2
178,54,5.0,3.972,3.988,0.016,4.0,2
179,54,10.0,3.992,3.996,0.004,10.0,2
180,54,4.0,4.0,4.008,0.008,7.0,2
184,55,2.0,2.504,3.368,0.8639999999999999,5.0,2
186,55,10.0,3.376,3.616,0.2400000000000002,10.0,2
187,55,4.0,3.62,3.644,0.024,8.0,2
189,55,4.0,3.652,4.0120000000000005,0.3600000000000003,8.0,2
193,56,8.0,2.2840000000000003,2.2880000000000003,0.004,5.0,2
194,56,9.0,2.548,2.816,0.2679999999999998,2.0,2
195,56,8.0,2.82,2.828,0.008,5.0,2
196,56,7.0,2.832,3.348,0.516,7.0,2
197,56,10.0,3.352,3.36,0.008,10.0,2
198,56,4.0,3.364,3.384,0.02,9.0,2
199,56,10.0,3.388,3.78,0.3920000000000003,10.0,2
200,56,5.0,3.784,3.788,0.004,4.0,2
201,56,4.0,3.792,4.008,0.2159999999999997,9.0,2
205,57,4.0,3.564,3.568,0.004,8.0,2
206,57,5.0,3.572,3.656,0.084,6.0,2
207,57,10.0,3.66,3.664,0.004,10.0,2
208,57,4.0,3.668,3.676,0.008,8.0,2
209,57,10.0,3.68,3.692,0.012,10.0,2
211,57,10.0,3.7,3.708,0.008,10.0,2
212,57,5.0,3.712,3.808,0.096,6.0,2
213,57,10.0,3.812,3.824,0.012,10.0,2
216,57,4.0,3.836,3.848,0.0119999999999995,8.0,2
219,57,10.0,3.86,3.928,0.068,10.0,2
220,57,5.0,3.932,3.972,0.04,6.0,2
221,57,10.0,3.976,3.98,0.004,10.0,2
222,57,5.0,3.984,3.988,0.004,6.0,2
225,57,10.0,4.0,4.004,0.0040000000000004,10.0,2
226,57,4.0,4.008,4.0120000000000005,0.0040000000000004,8.0,2
232,60,2.0,2.492,2.932,0.4399999999999999,6.0,2
233,60,3.0,2.936,3.108,0.1720000000000001,3.0,2
234,60,2.0,3.112,3.12,0.008,6.0,2
235,60,1.0,3.124,3.408,0.2839999999999998,7.0,2
237,60,4.0,3.416,3.424,0.008,8.0,2
238,60,5.0,3.428,3.784,0.3560000000000003,5.0,2
239,60,4.0,3.788,4.008,0.2199999999999997,8.0,2
246,61,2.0,2.9,3.408,0.508,5.0,2
247,61,1.0,3.412,3.928,0.516,9.0,2
248,61,10.0,3.932,4.0120000000000005,0.0800000000000005,10.0,2
253,62,8.0,2.908,3.216,0.3080000000000003,5.0,2
254,62,7.0,3.22,3.228,0.008,8.0,2
255,62,10.0,3.232,3.236,0.004,10.0,2
256,62,7.0,3.24,3.424,0.1839999999999997,8.0,2
257,62,10.0,3.428,3.44,0.012,10.0,2
258,62,10.0,3.592,3.628,0.036,10.0,2
259,62,7.0,3.632,3.936,0.3039999999999998,8.0,2
260,62,10.0,3.94,3.948,0.008,10.0,2
261,62,4.0,3.952,3.968,0.016,7.0,2
262,62,10.0,3.972,4.008,0.036,10.0,2
269,63,5.0,3.192,3.2840000000000003,0.092,6.0,2
270,63,4.0,3.2880000000000003,4.008,0.7199999999999998,8.0,2
274,64,5.0,3.26,3.696,0.4359999999999999,4.0,2
275,64,4.0,3.7,4.008,0.3079999999999998,9.0,2
286,65,10.0,3.864,3.868,0.004,10.0,2
287,65,4.0,3.872,4.0120000000000005,0.1400000000000005,9.0,2
292,66,8.0,3.348,3.368,0.02,4.0,2
293,66,9.0,3.372,3.388,0.016,2.0,2
294,66,8.0,3.392,3.396,0.004,4.0,2
295,66,9.0,3.4,3.62,0.2200000000000002,2.0,2
296,66,10.0,3.624,3.628,0.004,10.0,2
297,66,9.0,3.632,3.644,0.012,2.0,2
299,66,9.0,3.652,4.0120000000000005,0.3600000000000003,2.0,2
306,67,10.0,3.896,3.904,0.008,10.0,2
307,67,4.0,3.908,3.916,0.008,8.0,2
308,67,5.0,3.92,4.0120000000000005,0.0920000000000005,4.0,2
313,68,2.0,2.88,2.896,0.016,6.0,2
314,68,3.0,2.9,4.0,1.1,2.0,2
315,68,10.0,4.004,4.008,0.0039999999999995,10.0,2
321,69,2.0,3.376,3.652,0.2760000000000002,5.0,2
323,69,3.0,3.66,3.88,0.2199999999999997,2.0,2
324,69,10.0,3.884,3.888,0.004,10.0,2
325,69,5.0,3.892,4.008,0.1160000000000001,6.0,2
337,74,2.0,2.904,2.916,0.012,5.0,2
339,74,2.0,3.1,3.348,0.2479999999999997,5.0,2
340,74,10.0,3.352,3.364,0.012,10.0,2
341,74,2.0,3.368,3.376,0.008,5.0,2
342,74,10.0,3.38,3.392,0.012,10.0,2
343,74,2.0,3.396,3.404,0.008,5.0,2
344,74,10.0,3.408,3.52,0.1120000000000001,10.0,2
345,74,2.0,3.524,3.532,0.008,5.0,2
346,74,1.0,3.536,3.876,0.3399999999999998,9.0,2
347,74,10.0,3.88,3.896,0.016,10.0,2
349,74,10.0,3.904,4.008,0.104,10.0,2
360,75,4.0,2.12,3.0,0.8799999999999999,7.0,2
361,75,5.0,3.004,3.128,0.1240000000000001,4.0,2
362,75,5.0,3.364,3.372,0.008,4.0,2
364,75,6.0,3.38,3.504,0.1240000000000001,2.0,2
365,75,5.0,3.508,3.544,0.036,4.0,2
366,75,4.0,3.548,3.956,0.4079999999999999,7.0,2
367,75,10.0,3.96,4.008,0.048,10.0,2
373,76,3.0,3.132,3.3240000000000003,0.1920000000000001,2.0,2
374,76,2.0,3.3280000000000003,3.336,0.0079999999999995,6.0,2
375,76,1.0,3.34,3.356,0.016,8.0,2
376,76,2.0,3.36,3.456,0.096,6.0,2
378,76,1.0,3.464,3.468,0.004,8.0,2
379,76,10.0,3.472,3.476,0.004,10.0,2
380,76,1.0,3.48,3.6,0.1200000000000001,8.0,2
381,76,10.0,3.604,3.624,0.02,10.0,2
382,76,2.0,3.628,3.652,0.024,6.0,2
383,76,3.0,3.656,3.928,0.2719999999999998,2.0,2
384,76,10.0,3.932,4.0120000000000005,0.0800000000000005,10.0,2
395,77,7.0,2.02,2.88,0.8599999999999999,8.0,2
396,77,8.0,2.884,2.9,0.016,5.0,2
397,77,9.0,2.904,2.912,0.008,2.0,2
398,77,8.0,2.916,2.952,0.036,5.0,2
399,77,10.0,2.956,2.96,0.004,10.0,2
400,77,9.0,2.964,3.868,0.904,2.0,2
401,77,10.0,3.872,3.88,0.008,10.0,2
403,77,5.0,3.888,3.908,0.02,4.0,2
404,77,10.0,3.912,3.928,0.016,10.0,2
415,78,8.0,2.888,3.348,0.4599999999999999,5.0,2
416,78,7.0,3.352,3.872,0.52,9.0,2
417,78,10.0,3.876,3.892,0.016,10.0,2
418,78,4.0,3.896,4.008,0.1120000000000001,7.0,2
424,79,5.0,2.204,3.272,1.068,6.0,2
425,79,4.0,3.276,3.944,0.6679999999999997,8.0,2
426,79,5.0,3.948,4.016,0.068,6.0,2
441,80,8.0,2.192,2.596,0.4039999999999999,6.0,2
442,80,10.0,2.6,2.604,0.004,10.0,2
443,80,5.0,2.608,2.7880000000000003,0.1800000000000001,4.0,2
444,80,10.0,2.7920000000000003,3.224,0.4319999999999999,10.0,2
445,80,5.0,3.228,3.46,0.2319999999999997,4.0,2
446,80,10.0,3.464,3.66,0.1960000000000001,10.0,2
448,80,6.0,3.668,3.672,0.004,3.0,2
449,80,5.0,3.676,4.0120000000000005,0.3360000000000003,4.0,2
8,81,4.0,3.024,4.0120000000000005,0.9880000000000004,7.0,3
18,82,10.0,2.432,2.44,0.008,10.0,3
19,82,8.0,2.66,3.268,0.6080000000000001,6.0,3
20,82,10.0,3.272,3.2840000000000003,0.012,10.0,3
21,82,5.0,3.2880000000000003,3.84,0.5519999999999996,4.0,3
22,82,10.0,3.844,3.852,0.008,10.0,3
23,82,5.0,3.856,3.868,0.012,4.0,3
24,82,10.0,3.872,4.008,0.1360000000000001,10.0,3
29,83,4.0,2.932,2.94,0.008,8.0,3
30,83,10.0,2.944,2.948,0.004,10.0,3
31,83,5.0,2.952,4.0120000000000005,1.0600000000000005,5.0,3
39,84,9.0,2.056,2.432,0.3759999999999999,1.0,3
40,84,8.0,2.436,2.9,0.4639999999999999,4.0,3
41,84,7.0,2.904,3.2840000000000003,0.3800000000000003,7.0,3
42,84,10.0,3.2880000000000003,3.2920000000000003,0.004,10.0,3
43,84,4.0,3.528,3.916,0.3879999999999999,9.0,3
44,84,10.0,3.92,4.008,0.088,10.0,3
50,85,4.0,2.06,2.416,0.3559999999999998,7.0,3
51,85,7.0,2.42,2.424,0.004,8.0,3
52,85,5.0,2.6,2.888,0.2879999999999998,5.0,3
53,85,6.0,2.892,2.944,0.052,2.0,3
54,85,10.0,2.948,2.952,0.004,10.0,3
55,85,5.0,2.956,3.888,0.932,5.0,3
56,85,10.0,3.892,3.9,0.008,10.0,3
57,85,2.0,3.904,4.008,0.104,6.0,3
70,86,5.0,2.396,2.564,0.1680000000000001,4.0,3
71,86,4.0,2.568,2.772,0.2040000000000001,9.0,3
72,86,5.0,2.776,2.944,0.1679999999999997,4.0,3
73,86,4.0,2.948,3.332,0.3839999999999999,9.0,3
74,86,5.0,3.336,4.0120000000000005,0.6760000000000006,4.0,3
84,87,2.0,2.372,2.384,0.012,5.0,3
85,87,3.0,2.388,2.668,0.2800000000000002,3.0,3
86,87,2.0,2.672,3.268,0.5960000000000001,5.0,3
87,87,10.0,3.272,3.276,0.004,10.0,3
88,87,5.0,3.28,4.008,0.7279999999999998,6.0,3
92,88,7.0,2.684,2.692,0.008,8.0,3
93,88,2.0,2.952,3.2880000000000003,0.3360000000000003,4.0,3
94,88,10.0,3.2920000000000003,3.2960000000000003,0.004,10.0,3
95,88,5.0,3.3000000000000003,3.3080000000000003,0.008,6.0,3
96,88,4.0,3.3120000000000003,3.3200000000000003,0.008,9.0,3
97,88,10.0,3.3240000000000003,3.3280000000000003,0.004,10.0,3
98,88,5.0,3.332,3.344,0.012,6.0,3
100,88,4.0,3.352,3.472,0.1200000000000001,9.0,3
101,88,10.0,3.476,3.48,0.004,10.0,3
104,88,5.0,3.492,3.616,0.1240000000000001,6.0,3
105,88,4.0,3.62,4.0120000000000005,0.3920000000000003,9.0,3
108,89,5.0,2.672,3.376,0.7039999999999997,4.0,3
109,89,10.0,3.38,4.008,0.6280000000000001,10.0,3
116,90,8.0,2.376,3.064,0.6880000000000002,4.0,3
117,90,7.0,3.068,3.3120000000000003,0.2440000000000002,9.0,3
118,90,10.0,3.3160000000000003,3.3240000000000003,0.008,10.0,3
119,90,8.0,3.3280000000000003,3.548,0.2199999999999997,4.0,3
120,90,10.0,3.552,3.56,0.008,10.0,3
121,90,5.0,3.564,4.008,0.4439999999999999,6.0,3
132,91,7.0,2.58,2.588,0.008,8.0,3
134,91,5.0,2.596,2.852,0.2559999999999998,6.0,3
135,91,4.0,2.856,4.008,1.152,9.0,3
146,92,9.0,2.536,2.544,0.008,1.0,3
147,92,8.0,2.548,2.564,0.016,4.0,3
148,92,9.0,2.568,2.572,0.004,1.0,3
149,92,10.0,2.576,2.588,0.012,10.0,3
150,92,8.0,2.592,2.596,0.004,4.0,3
151,92,10.0,2.6,2.636,0.036,10.0,3
152,92,9.0,2.64,2.648,0.008,1.0,3
153,92,10.0,2.652,2.656,0.004,10.0,3
157,92,10.0,2.672,2.676,0.004,10.0,3
158,92,8.0,2.68,2.7,0.02,4.0,3
159,92,10.0,2.704,2.712,0.008,10.0,3
160,92,9.0,2.716,3.28,0.5640000000000001,1.0,3
161,92,10.0,3.2840000000000003,3.2920000000000003,0.008,10.0,3
162,92,10.0,3.56,4.008,0.4479999999999999,10.0,3
168,93,2.0,2.236,3.352,1.1159999999999997,4.0,3
169,93,10.0,3.356,3.36,0.004,10.0,3
170,93,5.0,3.364,4.008,0.6440000000000001,5.0,3
178,94,10.0,3.252,3.256,0.004,10.0,3
179,94,5.0,3.26,3.276,0.016,6.0,3
180,94,10.0,3.28,3.2840000000000003,0.004,10.0,3
181,94,5.0,3.2880000000000003,3.488,0.1999999999999997,6.0,3
182,94,10.0,3.492,3.496,0.004,10.0,3
183,94,5.0,3.5,4.008,0.508,6.0,3
189,95,3.0,3.104,3.116,0.012,1.0,3
190,95,2.0,3.12,3.124,0.004,4.0,3
191,95,3.0,3.128,3.3280000000000003,0.2000000000000001,1.0,3
192,95,2.0,3.332,3.336,0.004,4.0,3
193,95,10.0,3.34,4.008,0.6680000000000001,10.0,3
204,96,1.0,2.22,2.224,0.004,7.0,3
205,96,2.0,2.228,2.632,0.4039999999999999,4.0,3
206,96,3.0,2.636,2.92,0.2839999999999998,3.0,3
207,96,2.0,2.924,2.944,0.02,4.0,3
210,96,2.0,2.956,3.416,0.4599999999999999,4.0,3
211,96,10.0,3.42,3.424,0.004,10.0,3
212,96,5.0,3.428,3.832,0.4040000000000003,5.0,3
213,96,10.0,3.836,3.844,0.0079999999999995,10.0,3
214,96,2.0,3.848,3.872,0.024,4.0,3
215,96,10.0,3.876,3.888,0.012,10.0,3
216,96,2.0,3.892,3.896,0.004,4.0,3
217,96,10.0,3.9,4.008,0.1080000000000001,10.0,3
224,97,7.0,2.572,2.576,0.004,9.0,3
225,97,10.0,2.868,3.46,0.5920000000000001,10.0,3
226,97,3.0,3.464,3.916,0.4519999999999999,1.0,3
227,97,10.0,3.92,3.932,0.012,10.0,3
228,97,2.0,3.936,4.0120000000000005,0.0760000000000005,6.0,3
240,98,6.0,2.516,3.572,1.056,1.0,3
242,98,5.0,3.58,4.0120000000000005,0.4320000000000004,5.0,3
247,99,3.0,2.54,2.668,0.1280000000000001,1.0,3
250,99,2.0,2.876,4.008,1.132,5.0,3
261,100,7.0,2.596,2.848,0.2519999999999998,9.0,3
262,100,8.0,2.852,2.86,0.008,5.0,3
263,100,7.0,2.864,2.928,0.064,9.0,3
264,100,10.0,2.932,2.956,0.024,10.0,3
268,100,10.0,2.972,2.988,0.016,10.0,3
269,100,8.0,2.992,3.3000000000000003,0.3080000000000003,5.0,3
271,100,10.0,3.3080000000000003,3.3160000000000003,0.008,10.0,3
272,100,5.0,3.528,3.84,0.3119999999999998,4.0,3
273,100,10.0,3.844,4.008,0.1640000000000001,10.0,3
288,101,8.0,2.212,2.548,0.3359999999999998,6.0,3
289,101,7.0,2.552,3.864,1.3119999999999998,8.0,3
290,101,8.0,3.868,3.88,0.012,6.0,3
291,101,10.0,3.884,3.888,0.004,10.0,3
292,101,9.0,3.892,4.0120000000000005,0.1200000000000005,2.0,3
306,102,2.0,2.12,2.124,0.004,5.0,3
308,102,1.0,2.132,2.34,0.2079999999999997,7.0,3
309,102,2.0,2.344,2.504,0.1600000000000001,5.0,3
310,102,3.0,2.508,4.0120000000000005,1.5040000000000004,2.0,3
323,103,10.0,2.068,2.076,0.008,10.0,3
324,103,8.0,2.08,2.088,0.008,5.0,3
325,103,10.0,2.092,2.216,0.1240000000000001,10.0,3
326,103,6.0,2.22,4.0120000000000005,1.7920000000000005,3.0,3
350,104,2.0,2.22,4.0120000000000005,1.7920000000000005,5.0,3
356,105,3.0,3.876,4.008,0.1320000000000001,2.0,3
379,106,4.0,3.972,4.008,0.036,9.0,3
413,110,6.0,2.088,2.512,0.4239999999999999,1.0,3
414,110,5.0,2.516,4.0120000000000005,1.4960000000000004,4.0,3
442,115,3.0,3.8,4.0120000000000005,0.2120000000000002,1.0,3
450,116,6.0,3.78,4.016,0.2359999999999997,3.0,3
453,117,10.0,2.464,2.468,0.004,10.0,3
454,117,3.0,2.472,3.028,0.556,3.0,3
455,117,10.0,3.032,3.036,0.004,10.0,3
456,117,5.0,3.04,3.7,0.6600000000000001,6.0,3
457,117,6.0,3.704,4.008,0.3039999999999998,1.0,3
461,118,5.0,2.2920000000000003,2.656,0.3639999999999999,6.0,3
462,118,10.0,2.66,2.664,0.004,10.0,3
463,118,3.0,2.668,2.928,0.2599999999999998,3.0,3
464,118,10.0,2.932,2.936,0.004,10.0,3
465,118,6.0,2.94,3.712,0.7720000000000002,1.0,3
466,118,5.0,3.716,3.948,0.2319999999999997,6.0,3
467,118,6.0,3.952,4.008,0.056,1.0,3
475,119,7.0,2.184,2.8040000000000003,0.6200000000000001,9.0,3
476,119,8.0,2.8080000000000003,4.0120000000000005,1.2040000000000002,4.0,3
489,120,8.0,2.064,2.232,0.1680000000000001,6.0,3
491,120,5.0,2.24,2.964,0.7239999999999998,4.0,3
492,120,10.0,2.968,2.98,0.012,10.0,3
494,120,3.0,2.988,3.144,0.1560000000000001,2.0,3
495,120,10.0,3.148,3.152,0.004,10.0,3
496,120,5.0,3.156,3.16,0.004,4.0,3
498,120,8.0,3.168,3.352,0.1839999999999997,6.0,3
499,120,9.0,3.356,3.932,0.5760000000000001,3.0,3
500,120,8.0,3.936,4.008,0.072,6.0,3
3,121,4.0,2.592,2.968,0.3759999999999999,9.0,4
4,121,5.0,2.972,4.0120000000000005,1.0400000000000005,4.0,4
6,122,6.0,2.732,3.012,0.2799999999999998,2.0,4
7,122,5.0,3.016,3.684,0.6680000000000001,4.0,4
8,122,5.0,3.904,4.008,0.104,4.0,4
16,123,2.0,2.644,2.872,0.2279999999999997,4.0,4
17,123,3.0,2.876,3.252,0.3760000000000003,2.0,4
19,123,10.0,3.26,3.268,0.008,10.0,4
20,123,5.0,3.272,3.28,0.008,5.0,4
21,123,4.0,3.2840000000000003,4.0120000000000005,0.7280000000000002,8.0,4
28,124,10.0,2.212,2.216,0.004,10.0,4
29,124,8.0,2.22,2.42,0.1999999999999997,4.0,4
30,124,9.0,2.424,2.436,0.012,1.0,4
31,124,8.0,2.44,2.444,0.004,4.0,4
32,124,9.0,2.448,2.732,0.2840000000000002,1.0,4
33,124,8.0,2.736,2.756,0.02,4.0,4
34,124,7.0,2.76,2.764,0.004,9.0,4
35,124,8.0,2.768,3.012,0.2439999999999997,4.0,4
36,124,7.0,3.016,3.264,0.2480000000000002,9.0,4
37,124,10.0,3.268,3.272,0.004,10.0,4
39,124,4.0,3.46,3.492,0.032,8.0,4
40,124,5.0,3.496,3.5,0.004,5.0,4
42,124,4.0,3.508,3.808,0.3000000000000002,8.0,4
43,124,10.0,3.812,3.824,0.012,10.0,4
44,124,7.0,3.828,4.008,0.1799999999999997,9.0,4
51,125,7.0,2.752,3.3160000000000003,0.5640000000000001,9.0,4
52,125,10.0,3.3200000000000003,3.3280000000000003,0.008,10.0,4
54,125,10.0,3.58,3.584,0.004,10.0,4
55,125,5.0,3.588,3.788,0.2000000000000001,5.0,4
57,125,4.0,3.796,3.976,0.1799999999999997,7.0,4
58,125,10.0,3.98,3.992,0.012,10.0,4
59,125,1.0,3.996,4.008,0.012,8.0,4
66,126,4.0,2.46,2.7880000000000003,0.3280000000000003,9.0,4
67,126,5.0,2.7920000000000003,3.032,0.2399999999999997,4.0,4
68,126,4.0,3.036,3.524,0.488,9.0,4
69,126,10.0,3.528,3.54,0.012,10.0,4
70,126,4.0,3.544,3.556,0.012,9.0,4
71,126,10.0,3.56,3.944,0.3839999999999999,10.0,4
72,126,4.0,3.948,4.0120000000000005,0.0640000000000005,9.0,4
76,127,1.0,2.492,3.352,0.8599999999999999,9.0,4
77,127,10.0,3.356,3.36,0.004,10.0,4
78,127,4.0,3.364,3.368,0.004,8.0,4
79,127,5.0,3.372,3.804,0.4320000000000004,6.0,4
80,127,4.0,3.808,4.008,0.1999999999999997,8.0,4
86,128,8.0,2.504,2.92,0.4159999999999999,6.0,4
87,128,7.0,2.924,3.396,0.472,9.0,4
88,128,10.0,3.4,3.412,0.012,10.0,4
89,128,4.0,3.416,3.444,0.028,8.0,4
90,128,10.0,3.672,3.676,0.004,10.0,4
91,128,4.0,3.68,4.0120000000000005,0.3320000000000003,8.0,4
97,129,4.0,2.692,2.992,0.2999999999999998,9.0,4
98,129,5.0,2.996,3.36,0.3639999999999999,4.0,4
100,129,10.0,3.368,3.732,0.3640000000000003,10.0,4
101,129,4.0,3.736,3.744,0.008,9.0,4
102,129,10.0,3.748,4.008,0.2599999999999998,10.0,4
109,130,8.0,2.608,2.904,0.2959999999999998,6.0,4
110,130,7.0,2.908,3.868,0.96,9.0,4
111,130,10.0,3.872,4.008,0.1360000000000001,10.0,4
115,131,5.0,3.148,3.464,0.3159999999999998,6.0,4
116,131,10.0,3.468,3.476,0.008,10.0,4
117,131,5.0,3.48,3.492,0.012,6.0,4
118,131,10.0,3.496,3.816,0.3200000000000003,10.0,4
120,131,10.0,3.824,3.828,0.004,10.0,4
121,131,5.0,3.832,4.008,0.1759999999999997,6.0,4
125,132,10.0,3.524,3.528,0.004,10.0,4
126,132,10.0,3.736,4.008,0.2719999999999998,10.0,4
129,133,6.0,2.684,3.068,0.3839999999999999,1.0,4
130,133,5.0,3.072,3.08,0.008,4.0,4
133,133,5.0,3.092,4.008,0.916,4.0,4
137,134,9.0,2.8000000000000003,3.092,0.2919999999999998,1.0,4
139,134,10.0,3.1,3.3280000000000003,0.2280000000000002,10.0,4
140,134,5.0,3.332,4.008,0.6760000000000002,6.0,4
147,135,5.0,2.684,2.7,0.016,6.0,4
148,135,10.0,2.912,3.456,0.544,10.0,4
149,135,5.0,3.46,3.988,0.528,6.0,4
150,135,10.0,3.992,4.0120000000000005,0.0200000000000004,10.0,4
153,136,4.0,2.936,2.956,0.02,8.0,4
154,136,10.0,3.204,3.612,0.4079999999999999,10.0,4
155,136,7.0,3.616,3.624,0.008,7.0,4
156,136,10.0,3.628,4.008,0.3799999999999999,10.0,4
160,137,8.0,2.252,2.26,0.008,6.0,4
161,137,9.0,2.264,2.84,0.5759999999999996,2.0,4
162,137,8.0,2.844,2.852,0.008,6.0,4
163,137,7.0,2.856,3.3240000000000003,0.4680000000000004,9.0,4
164,137,10.0,3.3280000000000003,3.34,0.0119999999999995,10.0,4
165,137,4.0,3.344,4.0120000000000005,0.6680000000000006,8.0,4
171,138,10.0,2.576,2.584,0.008,10.0,4
172,138,7.0,2.772,2.836,0.0639999999999996,9.0,4
173,138,10.0,2.84,2.852,0.012,10.0,4
174,138,7.0,2.856,3.356,0.5,9.0,4
175,138,10.0,3.36,3.364,0.004,10.0,4
176,138,4.0,3.368,3.68,0.3120000000000003,7.0,4
177,138,10.0,3.684,4.0120000000000005,0.3280000000000003,10.0,4
180,139,5.0,2.42,2.86,0.4399999999999999,6.0,4
181,139,4.0,2.864,4.008,1.144,9.0,4
185,140,2.0,2.736,3.032,0.2959999999999998,4.0,4
186,140,1.0,3.036,3.408,0.3719999999999999,9.0,4
187,140,10.0,3.616,3.624,0.008,10.0,4
188,140,4.0,3.636,3.984,0.3479999999999998,7.0,4
189,140,10.0,3.988,4.008,0.02,10.0,4
196,141,5.0,2.672,2.836,0.1639999999999997,4.0,4
197,141,4.0,2.84,3.06,0.2200000000000002,9.0,4
199,141,7.0,3.068,3.236,0.1680000000000001,8.0,4
200,141,10.0,3.24,3.244,0.004,10.0,4
201,141,5.0,3.248,3.256,0.008,4.0,4
202,141,6.0,3.26,3.712,0.4519999999999999,1.0,4
203,141,5.0,3.716,3.98,0.2639999999999998,4.0,4
221,143,2.0,2.224,2.236,0.012,6.0,4
222,143,1.0,2.24,2.564,0.3239999999999998,9.0,4
223,143,10.0,2.568,2.576,0.008,10.0,4
224,143,2.0,2.58,2.584,0.004,6.0,4
226,143,2.0,2.592,2.644,0.052,6.0,4
228,143,1.0,2.652,3.032,0.3799999999999999,9.0,4
229,143,2.0,3.036,3.056,0.02,6.0,4
230,143,3.0,3.06,3.74,0.6800000000000002,3.0,4
231,143,2.0,3.744,3.748,0.004,6.0,4
232,143,1.0,3.752,4.0120000000000005,0.2600000000000002,9.0,4
239,144,5.0,2.848,3.36,0.512,6.0,4
241,144,4.0,3.368,3.924,0.556,8.0,4
253,147,8.0,2.472,2.48,0.008,5.0,4
254,147,7.0,2.484,2.508,0.024,8.0,4
255,147,10.0,2.512,2.516,0.004,10.0,4
256,147,7.0,2.52,3.928,1.408,8.0,4
265,148,10.0,3.528,3.536,0.008,10.0,4
266,148,1.0,3.54,3.82,0.2800000000000002,8.0,4
267,148,2.0,3.824,4.0120000000000005,0.1880000000000001,4.0,4
280,149,2.0,3.88,4.0120000000000005,0.1320000000000005,6.0,4
287,150,5.0,3.956,4.0120000000000005,0.0560000000000004,6.0,4
294,151,2.0,2.396,2.632,0.2360000000000002,5.0,4
295,151,1.0,2.636,3.9,1.2639999999999998,9.0,4
296,151,2.0,3.904,4.0120000000000005,0.1080000000000005,5.0,4
307,152,2.0,3.856,4.008,0.1520000000000001,4.0,4
317,153,5.0,3.04,3.144,0.104,6.0,4
319,153,5.0,3.152,3.156,0.004,6.0,4
322,153,10.0,3.168,3.176,0.008,10.0,4
323,153,4.0,3.18,3.676,0.496,9.0,4
324,153,10.0,3.68,3.688,0.008,10.0,4
325,153,5.0,3.692,3.832,0.1400000000000001,6.0,4
326,153,6.0,3.836,4.016,0.1799999999999997,3.0,4
338,154,2.0,2.348,2.6,0.2520000000000002,4.0,4
339,154,10.0,2.604,2.608,0.004,10.0,4
340,154,5.0,2.612,2.828,0.2159999999999997,6.0,4
341,154,10.0,2.832,2.836,0.004,10.0,4
342,154,2.0,2.84,3.056,0.2160000000000002,4.0,4
343,154,3.0,3.06,4.0,0.94,2.0,4
344,154,2.0,4.004,4.0120000000000005,0.008,4.0,4
350,155,10.0,2.572,2.7840000000000003,0.2120000000000002,10.0,4
351,155,1.0,2.7880000000000003,4.0120000000000005,1.2240000000000002,7.0,4
366,157,7.0,2.108,3.864,1.7559999999999998,9.0,4
367,157,8.0,3.868,4.008,0.1400000000000001,5.0,4
383,159,2.0,4.0,4.0120000000000005,0.0120000000000004,5.0,4
391,160,10.0,2.344,2.348,0.004,10.0,4
392,160,2.0,2.352,2.748,0.3960000000000003,5.0,4
393,160,2.0,2.94,3.612,0.6720000000000002,5.0,4
395,160,2.0,3.62,3.664,0.044,5.0,4
397,160,3.0,3.672,4.008,0.3359999999999998,3.0,4
11,161,6.0,2.956,3.372,0.4159999999999999,3.0,5
12,161,5.0,3.376,3.728,0.3520000000000003,6.0,5
13,161,4.0,3.732,4.0120000000000005,0.2800000000000002,8.0,5
27,162,6.0,2.8120000000000003,3.004,0.1919999999999997,1.0,5
28,162,5.0,3.008,3.012,0.004,6.0,5
29,162,4.0,3.016,3.536,0.52,7.0,5
30,162,10.0,3.54,4.008,0.4679999999999999,10.0,5
51,163,7.0,2.008,2.016,0.008,9.0,5
52,163,8.0,2.02,2.036,0.016,5.0,5
53,163,7.0,2.04,2.064,0.024,9.0,5
54,163,10.0,2.068,2.076,0.008,10.0,5
55,163,7.0,2.08,2.1,0.02,9.0,5
56,163,10.0,2.104,2.12,0.016,10.0,5
57,163,7.0,2.124,2.816,0.6919999999999997,9.0,5
58,163,8.0,2.82,3.34,0.52,5.0,5
59,163,10.0,3.344,3.356,0.012,10.0,5
60,163,5.0,3.36,3.38,0.02,6.0,5
61,163,10.0,3.384,3.72,0.3360000000000003,10.0,5
62,163,5.0,3.724,3.732,0.008,6.0,5
63,163,10.0,3.736,4.004,0.2680000000000002,10.0,5
64,163,5.0,4.008,4.0120000000000005,0.0040000000000004,6.0,5
74,164,2.0,2.32,2.656,0.3360000000000003,5.0,5
75,164,3.0,2.66,3.104,0.4439999999999999,2.0,5
76,164,2.0,3.108,3.116,0.008,5.0,5
77,164,1.0,3.12,3.336,0.2159999999999997,9.0,5
78,164,10.0,3.34,3.344,0.004,10.0,5
79,164,4.0,3.348,4.008,0.6600000000000001,8.0,5
83,165,8.0,2.472,2.488,0.016,5.0,5
84,165,9.0,2.492,2.496,0.004,2.0,5
85,165,8.0,2.5,2.672,0.1720000000000001,5.0,5
86,165,9.0,2.676,2.936,0.2599999999999998,2.0,5
87,165,8.0,2.94,2.948,0.008,5.0,5
88,165,7.0,2.952,2.96,0.008,9.0,5
90,165,7.0,2.968,3.404,0.4359999999999999,9.0,5
91,165,10.0,3.408,3.42,0.012,10.0,5
92,165,4.0,3.424,3.436,0.012,7.0,5
93,165,10.0,3.44,3.448,0.008,10.0,5
94,165,1.0,3.452,3.472,0.02,8.0,5
95,165,4.0,3.712,4.008,0.2959999999999998,7.0,5
107,166,10.0,2.408,2.416,0.008,10.0,5
108,166,6.0,2.596,3.3120000000000003,0.7160000000000002,1.0,5
109,166,5.0,3.3160000000000003,3.3200000000000003,0.004,4.0,5
110,166,10.0,3.3240000000000003,3.884,0.5599999999999996,10.0,5
111,166,5.0,3.888,4.0120000000000005,0.1240000000000005,4.0,5
115,167,3.0,2.4,2.512,0.1120000000000001,1.0,5
116,167,2.0,2.516,2.524,0.008,5.0,5
117,167,1.0,2.528,2.872,0.3439999999999998,9.0,5
118,167,2.0,2.876,4.008,1.132,5.0,5
125,168,2.0,2.924,3.3280000000000003,0.4040000000000003,5.0,5
126,168,10.0,3.332,3.336,0.004,10.0,5
127,168,5.0,3.34,4.0120000000000005,0.6720000000000006,6.0,5
132,169,10.0,3.3080000000000003,3.3200000000000003,0.012,10.0,5
133,169,5.0,3.3240000000000003,3.332,0.0079999999999995,4.0,5
134,169,4.0,3.336,3.34,0.004,8.0,5
135,169,2.0,3.548,3.856,0.3079999999999998,6.0,5
136,169,10.0,3.86,4.008,0.1480000000000001,10.0,5
139,170,6.0,2.928,3.196,0.2680000000000002,1.0,5
140,170,10.0,3.2,3.22,0.02,10.0,5
141,170,6.0,3.224,3.228,0.004,1.0,5
142,170,10.0,3.232,3.24,0.008,10.0,5
143,170,6.0,3.244,3.3160000000000003,0.072,1.0,5
145,170,5.0,3.3240000000000003,3.336,0.0119999999999995,5.0,5
146,170,10.0,3.34,3.716,0.3760000000000003,10.0,5
147,170,2.0,3.72,4.008,0.2879999999999998,6.0,5
153,171,10.0,3.792,3.796,0.004,10.0,5
155,171,4.0,3.804,3.808,0.004,8.0,5
156,171,5.0,3.812,4.008,0.1959999999999997,6.0,5
158,172,6.0,2.82,3.732,0.9120000000000004,2.0,5
159,172,5.0,3.736,4.008,0.2719999999999998,5.0,5
161,173,5.0,3.064,4.008,0.944,5.0,5
165,174,9.0,2.44,3.364,0.924,2.0,5
166,174,10.0,3.368,3.38,0.012,10.0,5
167,174,5.0,3.384,3.412,0.028,6.0,5
168,174,10.0,3.416,3.712,0.2960000000000002,10.0,5
169,174,5.0,3.716,4.008,0.2919999999999998,6.0,5
173,175,9.0,2.7960000000000003,3.276,0.48,2.0,5
174,175,10.0,3.28,3.2920000000000003,0.012,10.0,5
175,175,5.0,3.2960000000000003,4.0120000000000005,0.7160000000000002,4.0,5
179,176,9.0,2.772,3.072,0.2999999999999998,3.0,5
180,176,10.0,3.076,3.084,0.008,10.0,5
181,176,8.0,3.088,3.112,0.024,5.0,5
182,176,10.0,3.116,3.124,0.008,10.0,5
183,176,9.0,3.128,3.232,0.104,3.0,5
184,176,10.0,3.236,3.26,0.024,10.0,5
185,176,5.0,3.264,3.896,0.6319999999999997,4.0,5
186,176,10.0,3.9,3.904,0.004,10.0,5
187,176,5.0,3.908,4.008,0.1,4.0,5
191,177,10.0,3.2840000000000003,3.2920000000000003,0.008,10.0,5
192,177,5.0,3.2960000000000003,4.0120000000000005,0.7160000000000002,4.0,5
196,178,10.0,3.764,3.772,0.008,10.0,5
197,178,5.0,3.776,3.788,0.012,6.0,5
198,178,10.0,3.792,3.796,0.004,10.0,5
199,178,2.0,3.8,3.824,0.024,4.0,5
200,178,10.0,3.828,4.0120000000000005,0.1840000000000001,10.0,5
205,179,10.0,3.804,3.82,0.016,10.0,5
206,179,2.0,3.824,4.008,0.1839999999999997,6.0,5
208,180,3.0,2.92,3.5,0.5800000000000001,2.0,5
209,180,10.0,3.504,3.908,0.4039999999999999,10.0,5
210,180,1.0,3.912,3.916,0.004,9.0,5
211,180,10.0,3.92,3.94,0.02,10.0,5
212,180,1.0,3.944,3.948,0.004,9.0,5
213,180,10.0,3.952,4.008,0.056,10.0,5
232,181,6.0,2.88,3.3080000000000003,0.4280000000000004,1.0,5
233,181,5.0,3.3120000000000003,3.3200000000000003,0.008,5.0,5
234,181,4.0,3.3240000000000003,3.764,0.4399999999999999,9.0,5
235,181,5.0,3.98,4.0120000000000005,0.0320000000000004,5.0,5
258,182,5.0,2.028,2.952,0.924,6.0,5
259,182,4.0,2.956,3.992,1.036,9.0,5
260,182,5.0,3.996,4.0120000000000005,0.0160000000000004,6.0,5
269,183,5.0,2.164,4.0120000000000005,1.8480000000000003,6.0,5
281,184,8.0,3.692,4.0120000000000005,0.3200000000000003,5.0,5
298,185,3.0,3.648,3.66,0.012,1.0,5
302,185,3.0,3.676,3.8,0.1240000000000001,1.0,5
303,185,2.0,3.804,3.812,0.008,5.0,5
304,185,1.0,3.816,3.984,0.1679999999999997,8.0,5
305,185,2.0,3.988,3.996,0.008,5.0,5
306,185,3.0,4.0,4.008,0.008,1.0,5
328,187,2.0,2.0,2.976,0.976,4.0,5
329,187,3.0,2.98,3.82,0.8400000000000003,1.0,5
330,187,2.0,3.824,4.016,0.1919999999999997,4.0,5
335,188,5.0,2.72,4.0120000000000005,1.2920000000000005,4.0,5
348,190,3.0,3.94,4.0120000000000005,0.0720000000000005,3.0,5
369,192,3.0,2.404,2.932,0.528,3.0,5
370,192,2.0,2.936,2.952,0.016,5.0,5
371,192,1.0,2.956,3.808,0.8520000000000003,7.0,5
372,192,2.0,3.812,3.856,0.0439999999999995,5.0,5
387,193,5.0,2.032,2.64,0.6080000000000001,4.0,5
388,193,6.0,2.644,2.648,0.004,2.0,5
389,193,5.0,2.652,4.016,1.364,4.0,5
396,194,9.0,2.004,3.804,1.8000000000000005,2.0,5
397,194,8.0,3.808,4.0120000000000005,0.2040000000000001,6.0,5
409,195,5.0,2.944,3.72,0.7760000000000002,4.0,5
410,195,6.0,3.724,3.948,0.2239999999999997,1.0,5
411,195,5.0,3.952,4.0120000000000005,0.0600000000000005,4.0,5
420,196,5.0,2.364,2.736,0.3720000000000003,4.0,5
421,196,6.0,2.74,2.748,0.008,3.0,5
423,196,5.0,2.756,2.76,0.004,4.0,5
424,196,6.0,2.764,3.196,0.4319999999999999,3.0,5
425,196,10.0,3.2,3.216,0.016,10.0,5
426,196,5.0,3.22,3.236,0.016,4.0,5
427,196,10.0,3.24,3.256,0.016,10.0,5
429,196,10.0,3.264,3.276,0.012,10.0,5
430,196,6.0,3.28,3.2920000000000003,0.012,3.0,5
432,196,5.0,3.3000000000000003,3.3120000000000003,0.012,4.0,5
434,196,5.0,3.3200000000000003,3.3280000000000003,0.008,4.0,5
435,196,10.0,3.332,3.34,0.008,10.0,5
436,196,6.0,3.344,3.364,0.02,3.0,5
437,196,10.0,3.368,3.372,0.004,10.0,5
438,196,6.0,3.376,3.38,0.004,3.0,5
439,196,10.0,3.384,3.4,0.016,10.0,5
440,196,6.0,3.404,4.016,0.6120000000000001,3.0,5
460,198,2.0,2.252,2.272,0.02,6.0,5
461,198,1.0,2.276,2.2880000000000003,0.012,9.0,5
464,198,1.0,2.3000000000000003,2.444,0.1439999999999996,9.0,5
465,198,10.0,2.448,2.452,0.004,10.0,5
466,198,2.0,2.456,3.088,0.6320000000000001,6.0,5
468,198,1.0,3.096,3.156,0.06,9.0,5
469,198,10.0,3.16,3.168,0.008,10.0,5
470,198,2.0,3.172,3.3280000000000003,0.1560000000000001,6.0,5
471,198,10.0,3.332,3.336,0.004,10.0,5
472,198,2.0,3.34,3.348,0.008,6.0,5
474,198,1.0,3.356,3.384,0.028,9.0,5
476,198,2.0,3.392,3.472,0.08,6.0,5
477,198,1.0,3.476,3.52,0.044,9.0,5
478,198,10.0,3.524,3.528,0.004,10.0,5
479,198,1.0,3.532,3.608,0.076,9.0,5
480,198,2.0,3.612,3.652,0.04,6.0,5
481,198,10.0,3.656,3.66,0.004,10.0,5
482,198,1.0,3.664,3.712,0.048,9.0,5
483,198,10.0,3.716,3.72,0.004,10.0,5
484,198,2.0,3.724,3.728,0.004,6.0,5
485,198,10.0,3.732,3.744,0.012,10.0,5
486,198,2.0,3.748,3.792,0.044,6.0,5
487,198,3.0,3.796,4.008,0.2119999999999997,1.0,5
497,199,5.0,2.208,3.752,1.544,5.0,5
498,199,6.0,3.756,4.0120000000000005,0.2560000000000002,1.0,5
509,200,10.0,2.004,2.008,0.004,10.0,5
510,200,8.0,2.012,2.636,0.6240000000000001,6.0,5
512,200,5.0,2.644,2.656,0.012,4.0,5
513,200,10.0,2.66,2.664,0.004,10.0,5
514,200,5.0,2.668,2.728,0.06,4.0,5
515,200,10.0,2.732,2.736,0.004,10.0,5
518,200,10.0,2.748,2.892,0.1439999999999996,10.0,5
519,200,9.0,2.896,3.148,0.2520000000000002,1.0,5
520,200,8.0,3.152,3.804,0.6520000000000001,6.0,5
521,200,10.0,3.808,3.816,0.008,10.0,5
522,200,5.0,3.82,4.008,0.1879999999999997,4.0,5
9,201,10.0,2.976,3.332,0.3559999999999998,10.0,6
10,201,4.0,3.336,3.34,0.004,7.0,6
11,201,5.0,3.344,4.0120000000000005,0.6680000000000006,5.0,6
18,202,2.0,2.092,2.552,0.4599999999999999,4.0,6
19,202,3.0,2.556,3.42,0.8639999999999999,2.0,6
20,202,10.0,3.624,3.632,0.008,10.0,6
21,202,7.0,3.636,3.644,0.008,9.0,6
22,202,10.0,3.648,3.656,0.008,10.0,6
24,202,5.0,3.664,3.684,0.02,6.0,6
26,202,5.0,3.692,3.752,0.06,6.0,6
28,202,4.0,3.76,3.768,0.008,8.0,6
30,202,5.0,3.776,3.796,0.02,6.0,6
32,202,4.0,3.804,4.008,0.2039999999999997,8.0,6
37,203,6.0,2.44,2.848,0.4079999999999999,1.0,6
38,203,5.0,2.852,3.104,0.2520000000000002,5.0,6
39,203,6.0,3.108,3.92,0.8119999999999998,1.0,6
40,203,10.0,3.924,4.0120000000000005,0.0880000000000005,10.0,6
48,204,3.0,2.656,2.868,0.2119999999999997,1.0,6
49,204,10.0,2.872,2.9,0.028,10.0,6
50,204,2.0,2.904,3.332,0.4279999999999999,6.0,6
51,204,10.0,3.336,3.34,0.004,10.0,6
52,204,4.0,3.536,3.548,0.012,7.0,6
53,204,5.0,3.552,3.644,0.092,4.0,6
54,204,4.0,3.648,4.008,0.3599999999999999,7.0,6
63,205,9.0,2.556,2.724,0.1680000000000001,3.0,6
64,205,8.0,2.728,2.732,0.004,4.0,6
65,205,7.0,2.736,3.3000000000000003,0.5640000000000001,9.0,6
66,205,10.0,3.3040000000000003,3.3120000000000003,0.008,10.0,6
67,205,2.0,3.48,3.852,0.3719999999999999,5.0,6
68,205,10.0,3.856,3.864,0.008,10.0,6
70,205,6.0,3.872,4.008,0.1360000000000001,2.0,6
82,206,10.0,2.856,4.0120000000000005,1.1560000000000006,10.0,6
89,207,4.0,2.596,2.7840000000000003,0.1880000000000001,9.0,6
90,207,5.0,2.7880000000000003,3.708,0.92,4.0,6
91,207,10.0,3.712,3.724,0.012,10.0,6
92,207,2.0,3.728,4.0120000000000005,0.2840000000000002,6.0,6
100,208,9.0,2.612,3.036,0.4239999999999999,3.0,6
102,208,10.0,3.236,4.0120000000000005,0.7760000000000002,10.0,6
110,209,8.0,2.42,2.684,0.2640000000000002,5.0,6
111,209,7.0,2.688,3.096,0.4079999999999999,7.0,6
112,209,8.0,3.1,3.376,0.2759999999999998,5.0,6
114,209,10.0,3.384,3.388,0.004,10.0,6
115,209,9.0,3.392,3.652,0.2600000000000002,3.0,6
116,209,10.0,3.656,3.672,0.016,10.0,6
118,209,10.0,3.68,3.684,0.004,10.0,6
119,209,8.0,3.688,3.804,0.1160000000000001,5.0,6
120,209,10.0,3.808,3.816,0.008,10.0,6
122,209,10.0,3.824,3.896,0.0719999999999996,10.0,6
123,209,9.0,3.9,4.008,0.1080000000000001,3.0,6
133,210,10.0,3.54,3.852,0.3119999999999998,10.0,6
134,210,6.0,3.856,4.008,0.1520000000000001,3.0,6
139,211,8.0,2.768,2.78,0.012,5.0,6
140,211,7.0,2.7840000000000003,3.112,0.3279999999999998,8.0,6
141,211,8.0,3.116,3.3280000000000003,0.2120000000000002,5.0,6
142,211,5.0,3.548,3.564,0.016,4.0,6
143,211,6.0,3.568,3.572,0.004,2.0,6
145,211,5.0,3.58,3.612,0.032,4.0,6
147,211,6.0,3.62,3.64,0.02,2.0,6
148,211,5.0,3.644,3.692,0.048,4.0,6
150,211,6.0,3.7,3.724,0.024,2.0,6
151,211,10.0,3.728,3.732,0.004,10.0,6
152,211,5.0,3.736,4.008,0.2719999999999998,4.0,6
165,212,10.0,2.544,2.548,0.004,10.0,6
166,212,8.0,2.552,2.604,0.052,6.0,6
167,212,10.0,2.608,2.612,0.004,10.0,6
168,212,8.0,2.616,2.62,0.004,6.0,6
170,212,8.0,2.628,2.644,0.016,6.0,6
171,212,10.0,2.648,2.652,0.004,10.0,6
173,212,10.0,2.66,2.692,0.032,10.0,6
174,212,8.0,2.696,3.388,0.6919999999999997,6.0,6
175,212,9.0,3.392,3.4,0.008,3.0,6
176,212,10.0,3.404,4.008,0.6040000000000001,10.0,6
179,213,5.0,2.616,2.632,0.016,5.0,6
180,213,4.0,2.636,3.024,0.3879999999999999,8.0,6
181,213,5.0,3.028,3.036,0.008,5.0,6
182,213,10.0,3.04,3.052,0.012,10.0,6
183,213,5.0,3.056,3.808,0.7520000000000002,5.0,6
184,213,10.0,3.812,4.008,0.1959999999999997,10.0,6
191,214,10.0,3.56,3.572,0.012,10.0,6
192,214,5.0,3.576,3.636,0.06,5.0,6
193,214,10.0,3.64,3.68,0.04,10.0,6
194,214,6.0,3.684,3.984,0.2999999999999998,3.0,6
195,214,10.0,3.988,4.0,0.012,10.0,6
196,214,6.0,4.004,4.008,0.0039999999999995,3.0,6
227,215,3.0,2.636,2.744,0.1080000000000001,3.0,6
228,215,10.0,2.748,2.752,0.004,10.0,6
229,215,2.0,2.756,2.78,0.024,4.0,6
230,215,3.0,2.7840000000000003,3.024,0.2399999999999997,3.0,6
231,215,2.0,3.028,3.04,0.012,4.0,6
232,215,1.0,3.044,3.2920000000000003,0.2480000000000002,7.0,6
234,215,2.0,3.3000000000000003,3.3040000000000003,0.004,4.0,6
235,215,10.0,3.3080000000000003,3.3160000000000003,0.008,10.0,6
236,215,5.0,3.3200000000000003,3.332,0.0119999999999995,5.0,6
237,215,10.0,3.336,3.352,0.016,10.0,6
238,215,5.0,3.356,3.36,0.004,5.0,6
239,215,10.0,3.364,3.652,0.2880000000000002,10.0,6
240,215,5.0,3.656,4.0120000000000005,0.3560000000000003,5.0,6
249,216,2.0,2.56,2.568,0.008,5.0,6
250,216,1.0,2.572,2.78,0.2080000000000001,7.0,6
251,216,10.0,2.94,2.948,0.008,10.0,6
252,216,10.0,2.956,3.38,0.4239999999999999,10.0,6
253,216,4.0,3.384,4.008,0.6240000000000001,9.0,6
257,217,5.0,2.4,2.644,0.2440000000000002,4.0,6
258,217,6.0,2.648,3.008,0.3599999999999999,1.0,6
260,217,5.0,3.016,3.3000000000000003,0.2840000000000002,4.0,6
261,217,10.0,3.3040000000000003,3.3080000000000003,0.004,10.0,6
262,217,5.0,3.52,4.0120000000000005,0.4920000000000004,4.0,6
268,218,3.0,2.396,3.384,0.988,2.0,6
270,218,5.0,3.392,4.0120000000000005,0.6200000000000006,6.0,6
276,219,2.0,2.528,2.848,0.3199999999999998,5.0,6
278,219,1.0,2.856,3.256,0.4000000000000003,9.0,6
279,219,10.0,3.26,3.268,0.008,10.0,6
281,219,5.0,3.276,4.008,0.7319999999999998,6.0,6
283,220,4.0,2.892,3.088,0.1960000000000001,7.0,6
284,220,5.0,3.092,4.008,0.916,4.0,6
299,221,5.0,2.2,2.64,0.4399999999999999,4.0,6
300,221,4.0,2.644,3.2,0.556,8.0,6
301,221,5.0,3.204,3.224,0.02,4.0,6
302,221,6.0,3.228,3.672,0.4439999999999999,2.0,6
303,221,10.0,3.676,3.68,0.004,10.0,6
304,221,5.0,3.684,3.828,0.1440000000000001,4.0,6
305,221,6.0,3.832,4.008,0.1759999999999997,2.0,6
314,222,5.0,2.048,2.056,0.008,5.0,6
316,222,8.0,2.064,2.084,0.02,6.0,6
317,222,10.0,2.088,2.096,0.008,10.0,6
318,222,8.0,2.1,2.244,0.1440000000000001,6.0,6
319,222,7.0,2.248,2.468,0.2199999999999997,7.0,6
320,222,8.0,2.472,2.484,0.012,6.0,6
322,222,9.0,2.492,2.496,0.004,1.0,6
323,222,8.0,2.5,2.512,0.012,6.0,6
325,222,9.0,2.52,2.532,0.012,1.0,6
327,222,8.0,2.54,2.552,0.012,6.0,6
330,222,10.0,2.564,2.572,0.008,10.0,6
331,222,9.0,2.576,2.596,0.02,1.0,6
332,222,10.0,2.6,2.616,0.016,10.0,6
334,222,10.0,2.624,2.636,0.012,10.0,6
336,222,10.0,2.644,2.648,0.004,10.0,6
337,222,8.0,2.652,2.66,0.008,6.0,6
338,222,10.0,2.664,2.672,0.008,10.0,6
340,222,10.0,2.68,2.684,0.004,10.0,6
342,222,10.0,2.692,2.72,0.028,10.0,6
344,222,10.0,2.728,2.736,0.008,10.0,6
345,222,9.0,2.74,2.76,0.02,1.0,6
346,222,10.0,2.764,2.768,0.004,10.0,6
347,222,8.0,2.772,2.836,0.0639999999999996,6.0,6
348,222,9.0,2.84,3.16,0.3200000000000003,1.0,6
349,222,8.0,3.164,3.176,0.012,6.0,6
350,222,7.0,3.18,3.876,0.6959999999999997,7.0,6
351,222,8.0,3.88,4.008,0.1280000000000001,6.0,6
358,223,10.0,2.2,2.204,0.004,10.0,6
359,223,2.0,2.208,2.26,0.052,5.0,6
360,223,10.0,2.264,2.268,0.004,10.0,6
361,223,2.0,2.272,2.844,0.5719999999999996,5.0,6
362,223,10.0,2.848,2.856,0.008,10.0,6
363,223,1.0,2.86,2.872,0.012,7.0,6
364,223,10.0,2.876,2.884,0.008,10.0,6
365,223,2.0,2.888,2.896,0.008,5.0,6
366,223,1.0,2.9,3.936,1.036,7.0,6
380,224,5.0,2.132,4.0120000000000005,1.8800000000000003,6.0,6
391,225,10.0,3.012,3.02,0.008,10.0,6
392,225,5.0,3.024,3.22,0.1960000000000001,6.0,6
393,225,10.0,3.224,3.228,0.004,10.0,6
394,225,5.0,3.232,3.9,0.6679999999999997,6.0,6
395,225,10.0,3.904,3.912,0.008,10.0,6
396,225,2.0,3.916,4.0120000000000005,0.0960000000000005,4.0,6
424,229,3.0,3.876,4.008,0.1320000000000001,1.0,6
438,231,3.0,2.744,4.0120000000000005,1.2680000000000002,2.0,6
447,232,3.0,2.724,4.0120000000000005,1.2880000000000005,2.0,6
470,234,10.0,2.008,2.012,0.004,10.0,6
471,234,8.0,2.016,4.008,1.992,5.0,6
490,236,1.0,4.0,4.008,0.008,9.0,6
499,237,2.0,2.004,2.108,0.104,6.0,6
500,237,10.0,2.112,2.116,0.004,10.0,6
501,237,5.0,2.12,3.992,1.872,4.0,6
502,237,6.0,3.996,4.008,0.012,3.0,6
515,238,9.0,2.088,2.276,0.1880000000000001,1.0,6
516,238,10.0,2.28,2.2840000000000003,0.004,10.0,6
517,238,6.0,2.2880000000000003,2.2960000000000003,0.008,3.0,6
518,238,10.0,2.3000000000000003,2.308,0.0079999999999995,10.0,6
519,238,3.0,2.312,2.496,0.1840000000000001,2.0,6
520,238,10.0,2.5,2.504,0.004,10.0,6
523,238,10.0,2.516,2.52,0.004,10.0,6
524,238,8.0,2.524,2.912,0.3879999999999999,5.0,6
525,238,7.0,2.916,3.252,0.3360000000000003,9.0,6
526,238,8.0,3.256,4.008,0.7519999999999998,5.0,6
527,238,9.0,4.0120000000000005,4.016,0.0039999999999995,1.0,6
539,239,3.0,3.832,4.0120000000000005,0.1800000000000001,2.0,6
550,240,10.0,2.244,2.248,0.004,10.0,6
551,240,5.0,2.252,2.668,0.4159999999999999,5.0,6
552,240,6.0,2.672,2.7880000000000003,0.1160000000000001,2.0,6
553,240,10.0,2.7920000000000003,2.8000000000000003,0.008,10.0,6
554,240,3.0,2.8040000000000003,2.892,0.0879999999999996,1.0,6
555,240,10.0,2.896,2.9,0.004,10.0,6
557,240,10.0,2.908,2.912,0.004,10.0,6
558,240,9.0,2.916,2.924,0.008,3.0,6
559,240,10.0,2.928,2.936,0.008,10.0,6
560,240,9.0,2.94,2.948,0.008,3.0,6
561,240,10.0,2.952,2.96,0.008,10.0,6
562,240,9.0,2.964,3.64,0.6760000000000002,3.0,6
563,240,8.0,3.644,3.916,0.2719999999999998,4.0,6
564,240,10.0,3.92,3.932,0.012,10.0,6
565,240,4.0,3.936,4.0120000000000005,0.0760000000000005,8.0,6
30,241,8.0,2.344,2.36,0.016,5.0,7
31,241,10.0,2.364,2.384,0.02,10.0,7
32,241,10.0,2.636,2.644,0.008,10.0,7
33,241,8.0,2.648,2.824,0.1759999999999997,5.0,7
34,241,9.0,2.828,3.108,0.2800000000000002,2.0,7
35,241,8.0,3.112,3.3280000000000003,0.2160000000000002,5.0,7
36,241,10.0,3.332,3.344,0.012,10.0,7
37,241,4.0,3.348,4.0120000000000005,0.6640000000000006,8.0,7
42,242,3.0,2.552,2.568,0.016,1.0,7
44,242,3.0,2.576,2.772,0.1960000000000001,1.0,7
45,242,2.0,2.776,2.7960000000000003,0.02,5.0,7
46,242,1.0,2.8000000000000003,3.248,0.4479999999999999,7.0,7
47,242,1.0,3.42,3.656,0.2360000000000002,7.0,7
49,242,4.0,3.664,4.008,0.3439999999999998,9.0,7
57,243,4.0,2.28,3.096,0.8159999999999998,8.0,7
58,243,10.0,3.1,3.108,0.008,10.0,7
59,243,10.0,3.464,3.488,0.024,10.0,7
60,243,7.0,3.492,4.0120000000000005,0.5200000000000005,7.0,7
68,244,1.0,2.344,2.36,0.016,8.0,7
71,244,1.0,2.372,2.396,0.024,8.0,7
72,244,2.0,2.4,2.488,0.088,4.0,7
74,244,1.0,2.496,2.544,0.048,8.0,7
75,244,10.0,2.548,2.552,0.004,10.0,7
76,244,1.0,2.556,2.76,0.2040000000000001,8.0,7
77,244,2.0,2.764,3.8,1.036,4.0,7
78,244,10.0,3.804,4.008,0.2039999999999997,10.0,7
90,245,4.0,2.46,2.648,0.1880000000000001,9.0,7
91,245,5.0,2.652,2.664,0.012,4.0,7
92,245,6.0,2.668,3.056,0.3879999999999999,1.0,7
93,245,5.0,3.06,3.072,0.012,4.0,7
94,245,4.0,3.076,3.08,0.004,9.0,7
96,245,5.0,3.088,3.868,0.7799999999999998,4.0,7
97,245,10.0,3.872,3.884,0.012,10.0,7
98,245,8.0,3.888,3.9,0.012,5.0,7
99,245,10.0,3.904,4.008,0.104,10.0,7
107,246,5.0,2.544,2.552,0.008,6.0,7
108,246,4.0,2.556,2.7920000000000003,0.2360000000000002,9.0,7
109,246,5.0,2.7960000000000003,2.8040000000000003,0.008,6.0,7
110,246,10.0,3.024,3.04,0.016,10.0,7
112,246,8.0,3.048,3.344,0.2959999999999998,4.0,7
113,246,10.0,3.348,3.356,0.008,10.0,7
114,246,4.0,3.36,3.372,0.012,9.0,7
115,246,10.0,3.376,3.384,0.008,10.0,7
116,246,4.0,3.388,3.708,0.3200000000000003,9.0,7
117,246,10.0,3.712,4.0120000000000005,0.3000000000000002,10.0,7
129,247,5.0,2.504,2.864,0.3599999999999999,5.0,7
132,247,6.0,2.876,3.132,0.2560000000000002,3.0,7
133,247,10.0,3.352,3.356,0.004,10.0,7
135,247,10.0,3.364,3.388,0.024,10.0,7
136,247,3.0,3.392,3.416,0.024,2.0,7
138,247,2.0,3.424,3.508,0.084,4.0,7
139,247,10.0,3.512,3.544,0.032,10.0,7
140,247,2.0,3.548,3.556,0.008,4.0,7
141,247,10.0,3.56,3.792,0.2320000000000002,10.0,7
142,247,5.0,3.796,3.804,0.008,5.0,7
143,247,4.0,3.808,4.008,0.1999999999999997,8.0,7
149,248,2.0,2.34,3.468,1.128,6.0,7
150,248,10.0,3.472,3.48,0.008,10.0,7
151,248,2.0,3.484,3.74,0.2560000000000002,6.0,7
152,248,10.0,3.744,3.816,0.072,10.0,7
153,248,2.0,3.82,4.0120000000000005,0.1920000000000001,6.0,7
160,249,8.0,2.864,3.028,0.1640000000000001,4.0,7
162,249,8.0,3.036,3.056,0.02,4.0,7
164,249,8.0,3.064,3.344,0.2799999999999998,4.0,7
165,249,4.0,3.532,3.54,0.008,7.0,7
166,249,5.0,3.544,4.008,0.4639999999999999,5.0,7
170,251,5.0,2.736,4.008,1.2719999999999998,4.0,7
173,252,4.0,3.684,3.712,0.028,8.0,7
174,252,5.0,3.716,4.008,0.2919999999999998,4.0,7
178,253,4.0,2.716,2.724,0.008,7.0,7
179,253,5.0,2.728,2.992,0.2639999999999998,4.0,7
180,253,4.0,2.996,3.3120000000000003,0.3160000000000003,7.0,7
181,253,5.0,3.3160000000000003,4.008,0.6919999999999997,4.0,7
185,254,1.0,2.672,2.72,0.048,8.0,7
187,254,1.0,2.728,2.7880000000000003,0.06,8.0,7
188,254,10.0,2.7920000000000003,2.7960000000000003,0.004,10.0,7
189,254,1.0,2.8000000000000003,2.8120000000000003,0.012,8.0,7
193,254,2.0,2.828,3.436,0.6080000000000001,4.0,7
194,254,10.0,3.44,3.448,0.008,10.0,7
195,254,5.0,3.452,3.46,0.008,5.0,7
196,254,10.0,3.464,3.58,0.1160000000000001,10.0,7
197,254,5.0,3.584,3.616,0.032,5.0,7
198,254,10.0,3.62,3.64,0.02,10.0,7
199,254,5.0,3.644,4.008,0.3639999999999999,5.0,7
205,255,7.0,2.384,2.564,0.1800000000000001,9.0,7
207,255,8.0,2.572,2.592,0.02,4.0,7
208,255,9.0,2.596,2.604,0.008,2.0,7
209,255,8.0,2.608,2.624,0.016,4.0,7
210,255,9.0,2.628,2.648,0.02,2.0,7
211,255,10.0,2.652,2.676,0.024,10.0,7
213,255,10.0,2.684,2.712,0.028,10.0,7
214,255,8.0,2.716,2.74,0.024,4.0,7
215,255,9.0,2.744,3.352,0.6079999999999997,2.0,7
216,255,10.0,3.356,3.364,0.008,10.0,7
219,255,5.0,3.376,3.4,0.024,6.0,7
220,255,10.0,3.404,3.912,0.508,10.0,7
221,255,5.0,3.916,4.0120000000000005,0.0960000000000005,6.0,7
224,256,6.0,2.652,3.3280000000000003,0.6760000000000002,2.0,7
225,256,10.0,3.332,3.344,0.012,10.0,7
226,256,2.0,3.348,4.008,0.6600000000000001,5.0,7
230,257,6.0,2.644,3.3280000000000003,0.6840000000000002,1.0,7
232,257,5.0,3.336,4.0120000000000005,0.6760000000000006,4.0,7
238,258,10.0,3.356,3.372,0.016,10.0,7
239,258,5.0,3.376,3.98,0.6040000000000001,6.0,7
240,258,10.0,3.984,4.0120000000000005,0.0280000000000004,10.0,7
245,259,10.0,3.376,3.808,0.4320000000000004,10.0,7
246,259,5.0,3.812,4.008,0.1959999999999997,4.0,7
250,260,3.0,2.404,3.276,0.8720000000000003,2.0,7
251,260,10.0,3.28,3.2840000000000003,0.004,10.0,7
253,260,5.0,3.2920000000000003,3.904,0.6119999999999997,5.0,7
255,260,10.0,3.912,4.008,0.096,10.0,7
270,261,10.0,3.696,3.712,0.016,10.0,7
272,261,8.0,3.72,3.904,0.1839999999999997,6.0,7
273,261,10.0,3.908,3.916,0.008,10.0,7
274,261,5.0,3.92,3.932,0.012,4.0,7
275,261,10.0,3.936,3.944,0.008,10.0,7
276,261,5.0,3.948,4.016,0.068,4.0,7
289,262,9.0,3.396,3.8,0.4040000000000003,2.0,7
295,263,10.0,3.072,3.076,0.004,10.0,7
296,263,1.0,3.08,3.368,0.2879999999999998,8.0,7
297,263,2.0,3.372,3.388,0.016,5.0,7
298,263,3.0,3.392,3.66,0.2680000000000002,3.0,7
299,263,2.0,3.664,4.0120000000000005,0.3480000000000003,5.0,7
306,264,5.0,2.256,3.352,1.0959999999999996,6.0,7
307,264,6.0,3.356,3.368,0.012,2.0,7
308,264,5.0,3.372,3.38,0.008,6.0,7
309,264,6.0,3.384,3.532,0.1480000000000001,2.0,7
312,264,10.0,3.544,3.552,0.008,10.0,7
313,264,5.0,3.556,3.62,0.064,6.0,7
314,264,6.0,3.624,3.78,0.1560000000000001,2.0,7
315,264,5.0,3.784,3.792,0.008,6.0,7
316,264,4.0,3.796,4.0120000000000005,0.2160000000000002,9.0,7
329,265,5.0,3.176,4.0120000000000005,0.8360000000000003,6.0,7
340,266,9.0,2.18,4.0120000000000005,1.8320000000000003,1.0,7
346,267,2.0,3.464,3.472,0.008,6.0,7
347,267,1.0,3.476,3.784,0.3080000000000003,9.0,7
348,267,2.0,3.788,3.8,0.012,6.0,7
349,267,3.0,3.804,4.016,0.2119999999999997,1.0,7
356,268,6.0,3.376,3.784,0.4080000000000003,1.0,7
357,268,5.0,3.788,4.0120000000000005,0.2240000000000002,4.0,7
372,269,2.0,3.224,3.232,0.008,5.0,7
373,269,1.0,3.236,3.488,0.2519999999999998,9.0,7
374,269,2.0,3.492,3.756,0.2640000000000002,5.0,7
375,269,3.0,3.76,4.0120000000000005,0.2520000000000002,3.0,7
386,270,5.0,2.0,2.004,0.004,5.0,7
388,270,5.0,2.012,2.02,0.008,5.0,7
389,270,4.0,2.024,2.048,0.024,8.0,7
390,270,10.0,2.052,2.064,0.012,10.0,7
391,270,4.0,2.068,2.16,0.092,8.0,7
392,270,10.0,2.164,2.168,0.004,10.0,7
393,270,4.0,2.172,2.268,0.096,8.0,7
394,270,10.0,2.272,2.2840000000000003,0.012,10.0,7
395,270,5.0,2.2880000000000003,2.2920000000000003,0.004,5.0,7
396,270,10.0,2.2960000000000003,2.3000000000000003,0.004,10.0,7
397,270,2.0,2.3040000000000003,2.78,0.476,4.0,7
398,270,3.0,2.7840000000000003,3.872,1.0879999999999996,2.0,7
399,270,2.0,3.876,4.0120000000000005,0.1360000000000005,4.0,7
406,271,10.0,3.24,3.2880000000000003,0.048,10.0,7
407,271,1.0,3.2920000000000003,4.0120000000000005,0.7200000000000002,8.0,7
421,272,10.0,2.012,2.016,0.004,10.0,7
422,272,7.0,2.02,2.328,0.3079999999999998,7.0,7
423,272,10.0,2.332,2.38,0.048,10.0,7
424,272,8.0,2.384,2.4,0.016,4.0,7
425,272,10.0,2.404,2.408,0.004,10.0,7
426,272,5.0,2.412,2.876,0.4639999999999999,5.0,7
427,272,6.0,2.88,3.476,0.5960000000000001,1.0,7
428,272,5.0,3.48,3.504,0.024,5.0,7
431,272,5.0,3.516,3.66,0.1440000000000001,5.0,7
433,272,4.0,3.668,3.848,0.1799999999999997,8.0,7
434,272,10.0,3.852,3.884,0.032,10.0,7
436,272,10.0,3.892,3.896,0.004,10.0,7
437,272,5.0,3.9,4.008,0.1080000000000001,5.0,7
446,273,5.0,2.08,2.084,0.004,6.0,7
447,273,10.0,2.088,2.096,0.008,10.0,7
448,273,8.0,2.1,3.604,1.504,5.0,7
449,273,7.0,3.608,4.016,0.4079999999999999,9.0,7
467,275,5.0,3.872,4.0120000000000005,0.1400000000000005,6.0,7
472,276,2.0,3.34,3.352,0.012,6.0,7
474,276,1.0,3.36,3.628,0.2680000000000002,7.0,7
475,276,2.0,3.632,4.016,0.3839999999999999,6.0,7
500,279,5.0,3.892,4.0120000000000005,0.1200000000000005,4.0,7
514,280,6.0,2.072,2.52,0.4479999999999999,2.0,7
515,280,5.0,2.524,3.376,0.8519999999999999,5.0,7
516,280,10.0,3.38,3.388,0.008,10.0,7
517,280,5.0,3.392,4.008,0.6160000000000001,5.0,7
6,281,9.0,2.508,3.26,0.7520000000000002,3.0,8
7,281,4.0,3.444,3.448,0.004,8.0,8
8,281,5.0,3.452,4.0120000000000005,0.5600000000000005,5.0,8
22,282,4.0,2.348,2.636,0.2880000000000002,8.0,8
23,282,5.0,2.64,3.248,0.6080000000000001,4.0,8
24,282,10.0,3.576,4.008,0.4319999999999999,10.0,8
37,283,8.0,2.588,3.332,0.7439999999999998,4.0,8
38,283,10.0,3.336,3.348,0.012,10.0,8
39,283,5.0,3.352,4.0120000000000005,0.6600000000000006,5.0,8
43,284,5.0,3.548,4.008,0.4599999999999999,5.0,8
47,285,7.0,2.592,2.8000000000000003,0.2080000000000001,7.0,8
48,285,8.0,2.8040000000000003,2.82,0.0159999999999995,4.0,8
49,285,9.0,2.824,3.068,0.2440000000000002,1.0,8
50,285,8.0,3.072,3.428,0.3559999999999998,4.0,8
51,285,10.0,3.672,4.008,0.3359999999999998,10.0,8
66,286,5.0,2.364,2.888,0.524,5.0,8
67,286,4.0,2.892,4.0120000000000005,1.1200000000000006,8.0,8
81,287,4.0,2.388,2.596,0.2080000000000001,8.0,8
82,287,10.0,2.6,2.608,0.008,10.0,8
83,287,4.0,2.612,2.644,0.032,8.0,8
84,287,10.0,2.648,2.652,0.004,10.0,8
86,287,10.0,2.66,2.72,0.06,10.0,8
88,287,10.0,2.728,2.736,0.008,10.0,8
89,287,4.0,2.74,3.144,0.4039999999999999,8.0,8
90,287,10.0,3.148,3.34,0.1919999999999997,10.0,8
91,287,4.0,3.344,4.0120000000000005,0.6680000000000006,8.0,8
96,288,2.0,2.672,2.844,0.1719999999999997,5.0,8
97,288,3.0,2.848,3.3120000000000003,0.4640000000000004,2.0,8
98,288,2.0,3.3160000000000003,3.3240000000000003,0.008,5.0,8
99,288,10.0,3.3280000000000003,3.352,0.0239999999999995,10.0,8
100,288,4.0,3.356,3.36,0.004,9.0,8
101,288,10.0,3.364,3.608,0.2440000000000002,10.0,8
102,288,4.0,3.612,3.96,0.3479999999999998,9.0,8
104,288,4.0,3.968,4.0120000000000005,0.0440000000000004,9.0,8
108,289,10.0,3.3160000000000003,3.3280000000000003,0.012,10.0,8
109,289,4.0,3.332,3.392,0.06,7.0,8
110,289,10.0,3.396,3.404,0.008,10.0,8
111,289,4.0,3.688,4.008,0.3199999999999998,7.0,8
113,290,5.0,2.608,2.996,0.3879999999999999,6.0,8
114,290,6.0,3.0,3.392,0.3919999999999999,3.0,8
115,290,5.0,3.396,3.756,0.3600000000000003,6.0,8
116,290,4.0,3.76,3.776,0.016,8.0,8
120,290,4.0,3.792,3.992,0.1999999999999997,8.0,8
121,290,10.0,3.996,4.008,0.012,10.0,8
127,291,1.0,2.492,2.672,0.1800000000000001,8.0,8
128,291,2.0,2.676,2.692,0.016,4.0,8
129,291,3.0,2.696,3.3240000000000003,0.6280000000000001,1.0,8
130,291,2.0,3.3280000000000003,3.332,0.0039999999999995,4.0,8
131,291,10.0,3.336,3.34,0.004,10.0,8
132,291,10.0,3.564,3.568,0.004,10.0,8
133,291,4.0,3.572,3.908,0.3359999999999998,7.0,8
134,291,10.0,3.912,3.928,0.016,10.0,8
135,291,4.0,3.932,3.952,0.02,7.0,8
137,291,4.0,3.96,3.964,0.004,7.0,8
138,291,10.0,3.968,3.996,0.028,10.0,8
139,291,4.0,4.0,4.008,0.008,7.0,8
146,292,2.0,2.396,2.42,0.024,4.0,8
147,292,3.0,2.424,2.96,0.536,2.0,8
148,292,2.0,2.964,3.348,0.3839999999999999,4.0,8
149,292,10.0,3.352,3.356,0.004,10.0,8
150,292,5.0,3.36,3.936,0.5760000000000001,5.0,8
151,292,10.0,3.94,3.952,0.012,10.0,8
152,292,4.0,3.956,4.008,0.052,7.0,8
164,293,10.0,2.12,2.124,0.004,10.0,8
165,293,2.0,2.128,2.188,0.06,4.0,8
166,293,10.0,2.192,2.196,0.004,10.0,8
167,293,2.0,2.2,2.588,0.3879999999999999,4.0,8
169,293,3.0,2.596,2.6,0.004,1.0,8
170,293,2.0,2.604,2.8000000000000003,0.1960000000000001,4.0,8
171,293,3.0,2.8040000000000003,3.3000000000000003,0.496,1.0,8
172,293,10.0,3.3040000000000003,3.3080000000000003,0.004,10.0,8
173,293,5.0,3.3120000000000003,3.336,0.0239999999999995,5.0,8
174,293,10.0,3.34,3.352,0.012,10.0,8
175,293,5.0,3.64,4.008,0.3679999999999999,5.0,8
184,294,10.0,3.068,3.084,0.016,10.0,8
185,294,8.0,3.088,3.44,0.3519999999999998,4.0,8
186,294,10.0,3.444,3.448,0.004,10.0,8
187,294,5.0,3.452,4.008,0.556,5.0,8
196,295,9.0,2.5,2.708,0.2080000000000001,3.0,8
197,295,8.0,2.712,2.724,0.012,4.0,8
198,295,7.0,2.728,3.336,0.6079999999999997,7.0,8
200,295,10.0,3.344,3.352,0.008,10.0,8
201,295,5.0,3.356,3.92,0.5640000000000001,6.0,8
202,295,4.0,3.924,4.0120000000000005,0.0880000000000005,8.0,8
206,296,2.0,2.376,2.392,0.016,4.0,8
207,296,3.0,2.396,3.392,0.996,3.0,8
208,296,10.0,3.396,3.4,0.004,10.0,8
209,296,6.0,3.404,3.412,0.008,2.0,8
210,296,5.0,3.416,3.82,0.4040000000000003,6.0,8
211,296,6.0,3.824,3.832,0.008,2.0,8
212,296,10.0,3.836,3.844,0.0079999999999995,10.0,8
213,296,6.0,3.848,4.008,0.1600000000000001,2.0,8
220,297,1.0,3.5,3.516,0.016,7.0,8
221,297,10.0,3.52,3.86,0.3399999999999998,10.0,8
222,297,5.0,3.864,4.0120000000000005,0.1480000000000005,4.0,8
252,298,10.0,3.396,3.4,0.004,10.0,8
254,298,10.0,3.624,3.632,0.008,10.0,8
255,298,5.0,3.636,3.656,0.02,6.0,8
256,298,10.0,3.66,3.668,0.008,10.0,8
257,298,5.0,3.672,3.684,0.012,6.0,8
258,298,10.0,3.688,4.0120000000000005,0.3240000000000003,10.0,8
269,299,10.0,3.2840000000000003,3.2880000000000003,0.004,10.0,8
270,299,5.0,3.2920000000000003,3.54,0.2479999999999997,5.0,8
271,299,4.0,3.544,3.548,0.004,7.0,8
272,299,10.0,3.552,4.008,0.4559999999999999,10.0,8
304,300,9.0,3.344,3.348,0.004,1.0,8
305,300,10.0,3.724,3.74,0.016,10.0,8
306,300,8.0,3.744,3.752,0.008,4.0,8
307,300,10.0,3.756,3.972,0.2159999999999997,10.0,8
308,300,5.0,3.976,3.988,0.012,6.0,8
309,300,10.0,3.992,4.004,0.0120000000000004,10.0,8
317,301,8.0,3.052,3.684,0.6320000000000001,4.0,8
318,301,9.0,3.688,4.0120000000000005,0.3240000000000003,1.0,8
329,302,6.0,2.764,3.616,0.8519999999999999,2.0,8
330,302,5.0,3.62,3.936,0.3159999999999998,4.0,8
331,302,6.0,3.94,4.0120000000000005,0.0720000000000005,2.0,8
339,304,10.0,2.412,2.424,0.012,10.0,8
340,304,6.0,2.428,3.548,1.12,3.0,8
341,304,5.0,3.552,3.78,0.2280000000000002,5.0,8
342,304,4.0,3.784,3.796,0.012,9.0,8
343,304,5.0,3.8,3.812,0.012,5.0,8
344,304,10.0,3.816,3.82,0.004,10.0,8
345,304,4.0,3.824,3.832,0.008,9.0,8
346,304,10.0,3.836,3.84,0.0039999999999995,10.0,8
347,304,5.0,3.844,3.968,0.1240000000000001,5.0,8
348,304,10.0,3.972,3.976,0.004,10.0,8
349,304,5.0,3.98,4.0120000000000005,0.0320000000000004,5.0,8
369,305,10.0,2.208,2.224,0.016,10.0,8
370,305,9.0,2.228,2.236,0.008,2.0,8
371,305,10.0,2.24,2.516,0.2759999999999998,10.0,8
372,305,9.0,2.52,2.524,0.004,2.0,8
373,305,10.0,2.528,2.544,0.016,10.0,8
374,305,6.0,2.548,3.624,1.076,3.0,8
375,305,5.0,3.628,4.008,0.3799999999999999,6.0,8
382,306,2.0,2.496,2.5,0.004,4.0,8
383,306,3.0,2.504,2.516,0.012,2.0,8
385,306,2.0,2.524,2.532,0.008,4.0,8
387,306,2.0,2.54,2.612,0.072,4.0,8
388,306,10.0,2.616,2.624,0.008,10.0,8
389,306,2.0,2.628,2.704,0.076,4.0,8
390,306,10.0,2.708,2.712,0.004,10.0,8
391,306,3.0,2.716,2.7840000000000003,0.068,2.0,8
392,306,10.0,2.7880000000000003,2.8040000000000003,0.016,10.0,8
393,306,3.0,2.8080000000000003,3.192,0.3839999999999999,2.0,8
395,306,3.0,3.2,3.396,0.1959999999999997,2.0,8
396,306,2.0,3.4,3.412,0.012,4.0,8
397,306,1.0,3.416,3.8,0.3840000000000003,7.0,8
398,306,2.0,3.804,4.008,0.2039999999999997,4.0,8
407,307,2.0,3.404,3.732,0.3280000000000003,6.0,8
408,307,1.0,3.736,4.0120000000000005,0.2760000000000002,8.0,8
434,308,5.0,2.576,2.584,0.008,5.0,8
435,308,6.0,2.588,2.596,0.008,2.0,8
437,308,5.0,2.604,3.992,1.388,5.0,8
438,308,6.0,3.996,4.0120000000000005,0.0160000000000004,2.0,8
448,309,9.0,2.12,2.128,0.008,2.0,8
449,309,8.0,2.132,3.088,0.956,6.0,8
450,309,9.0,3.092,3.872,0.7799999999999998,2.0,8
482,312,4.0,2.196,2.2,0.004,7.0,8
483,312,5.0,2.204,3.476,1.2719999999999998,4.0,8
484,312,6.0,3.48,4.0120000000000005,0.5320000000000005,3.0,8
497,314,2.0,2.156,3.436,1.2799999999999998,4.0,8
498,314,3.0,3.44,4.008,0.5680000000000001,2.0,8
508,315,8.0,2.072,3.488,1.416,4.0,8
509,315,9.0,3.492,3.5,0.008,1.0,8
510,315,8.0,3.504,3.516,0.012,4.0,8
512,315,9.0,3.524,3.532,0.008,1.0,8
513,315,8.0,3.536,3.6,0.064,4.0,8
514,315,10.0,3.604,3.616,0.012,10.0,8
515,315,8.0,3.62,3.628,0.008,4.0,8
516,315,10.0,3.632,3.636,0.004,10.0,8
517,315,9.0,3.64,3.648,0.008,1.0,8
519,315,9.0,3.656,3.66,0.004,1.0,8
520,315,10.0,3.664,3.668,0.004,10.0,8
521,315,8.0,3.672,4.0120000000000005,0.3400000000000003,4.0,8
530,316,2.0,2.712,3.444,0.7319999999999998,5.0,8
531,316,3.0,3.448,4.016,0.5680000000000001,2.0,8
535,317,6.0,2.268,4.008,1.7399999999999998,2.0,8
544,318,2.0,3.512,3.52,0.008,5.0,8
545,318,1.0,3.524,3.792,0.2680000000000002,9.0,8
546,318,2.0,3.796,4.008,0.2119999999999997,5.0,8
557,319,9.0,2.2960000000000003,3.488,1.1919999999999995,2.0,8
558,319,8.0,3.492,3.688,0.1960000000000001,5.0,8
559,319,7.0,3.692,4.0120000000000005,0.3200000000000003,7.0,8
574,320,9.0,2.144,2.532,0.3879999999999999,3.0,8
575,320,8.0,2.536,3.208,0.6720000000000002,4.0,8
576,320,10.0,3.212,3.224,0.012,10.0,8
577,320,5.0,3.228,3.388,0.1599999999999997,5.0,8
578,320,10.0,3.392,3.76,0.3680000000000003,10.0,8
579,320,5.0,3.764,3.78,0.016,5.0,8
580,320,6.0,3.784,3.788,0.004,2.0,8
581,320,5.0,3.792,3.992,0.1999999999999997,5.0,8
12,321,1.0,2.612,2.624,0.012,7.0,9
13,321,2.0,2.628,3.76,1.132,4.0,9
14,321,10.0,3.764,3.768,0.004,10.0,9
15,321,5.0,3.772,4.0120000000000005,0.2400000000000002,5.0,9
34,322,4.0,2.432,3.384,0.952,8.0,9
35,322,10.0,3.388,3.404,0.016,10.0,9
36,322,1.0,3.408,4.008,0.6000000000000001,9.0,9
44,323,5.0,2.476,2.496,0.02,4.0,9
45,323,6.0,2.5,2.508,0.008,1.0,9
46,323,5.0,2.512,2.532,0.02,4.0,9
47,323,6.0,2.536,2.58,0.044,1.0,9
48,323,10.0,2.584,2.588,0.004,10.0,9
49,323,5.0,2.592,2.632,0.04,4.0,9
50,323,10.0,2.636,2.652,0.016,10.0,9
52,323,10.0,2.66,2.664,0.004,10.0,9
53,323,6.0,2.668,2.832,0.1639999999999997,1.0,9
54,323,10.0,2.836,2.848,0.012,10.0,9
55,323,6.0,2.852,2.856,0.004,1.0,9
57,323,5.0,2.864,2.952,0.088,4.0,9
59,323,6.0,2.96,3.012,0.052,1.0,9
61,323,10.0,3.02,3.024,0.004,10.0,9
62,323,5.0,3.028,3.396,0.3679999999999999,4.0,9
63,323,10.0,3.4,3.432,0.032,10.0,9
64,323,2.0,3.436,3.448,0.012,6.0,9
65,323,4.0,3.712,3.804,0.092,7.0,9
67,323,4.0,3.812,3.88,0.0679999999999996,7.0,9
68,323,10.0,3.884,4.0120000000000005,0.1280000000000005,10.0,9
71,324,2.0,2.376,2.712,0.3360000000000003,5.0,9
72,324,10.0,2.716,2.736,0.02,10.0,9
74,324,10.0,2.744,2.98,0.2359999999999997,10.0,9
75,324,3.0,2.984,3.5,0.516,3.0,9
77,324,5.0,3.508,4.008,0.5,6.0,9
81,325,7.0,2.76,3.28,0.52,9.0,9
82,325,10.0,3.2840000000000003,3.3080000000000003,0.024,10.0,9
83,325,5.0,3.3120000000000003,3.3160000000000003,0.004,6.0,9
84,325,10.0,3.516,3.52,0.004,10.0,9
85,325,4.0,3.524,4.008,0.484,7.0,9
109,326,5.0,2.376,3.14,0.7640000000000002,6.0,9
110,326,10.0,3.144,3.148,0.004,10.0,9
111,326,5.0,3.152,4.0120000000000005,0.8600000000000003,6.0,9
119,327,9.0,2.996,3.4,0.4039999999999999,2.0,9
120,327,10.0,3.404,3.412,0.008,10.0,9
121,327,5.0,3.416,3.432,0.016,5.0,9
122,327,10.0,3.436,3.444,0.008,10.0,9
123,327,2.0,3.448,3.904,0.4559999999999999,6.0,9
124,327,10.0,3.908,3.912,0.004,10.0,9
125,327,5.0,3.916,4.008,0.092,5.0,9
129,328,3.0,2.452,2.732,0.2800000000000002,1.0,9
130,328,2.0,2.736,3.2920000000000003,0.556,4.0,9
131,328,10.0,3.2960000000000003,3.3000000000000003,0.004,10.0,9
132,328,5.0,3.3040000000000003,3.3200000000000003,0.016,6.0,9
133,328,6.0,3.3240000000000003,3.3280000000000003,0.004,2.0,9
134,328,5.0,3.332,4.0120000000000005,0.6800000000000006,6.0,9
141,329,8.0,2.944,2.956,0.012,5.0,9
143,329,7.0,2.964,3.276,0.3120000000000003,9.0,9
144,329,8.0,3.28,3.2880000000000003,0.008,5.0,9
145,329,6.0,3.544,4.008,0.4639999999999999,3.0,9
149,330,10.0,3.428,3.436,0.008,10.0,9
150,330,6.0,3.44,3.716,0.2760000000000002,1.0,9
151,330,10.0,3.72,3.732,0.012,10.0,9
152,330,6.0,3.736,4.016,0.2799999999999998,1.0,9
154,331,3.0,3.568,4.008,0.4399999999999999,1.0,9
166,332,10.0,3.3040000000000003,3.3080000000000003,0.004,10.0,9
167,332,6.0,3.3120000000000003,3.344,0.0319999999999995,1.0,9
168,332,10.0,3.348,3.404,0.056,10.0,9
169,332,6.0,3.652,4.008,0.3559999999999998,1.0,9
172,333,10.0,3.352,3.364,0.012,10.0,9
173,333,2.0,3.368,3.376,0.008,5.0,9
174,333,3.0,3.38,3.396,0.016,3.0,9
175,333,10.0,3.4,3.624,0.2240000000000002,10.0,9
176,333,3.0,3.628,3.636,0.008,3.0,9
177,333,10.0,3.64,3.644,0.004,10.0,9
179,333,10.0,3.652,3.896,0.2439999999999997,10.0,9
180,333,3.0,3.9,4.016,0.1160000000000001,3.0,9
184,334,10.0,3.432,3.436,0.004,10.0,9
185,334,10.0,3.544,3.552,0.008,10.0,9
186,334,5.0,3.56,3.564,0.004,4.0,9
187,334,6.0,3.568,4.008,0.4399999999999999,2.0,9
194,335,8.0,2.46,2.672,0.2120000000000002,5.0,9
195,335,9.0,2.676,3.388,0.7119999999999997,2.0,9
196,335,10.0,3.392,3.404,0.012,10.0,9
197,335,6.0,3.408,3.44,0.032,1.0,9
198,335,10.0,3.444,3.768,0.3240000000000003,10.0,9
199,335,6.0,3.772,4.0120000000000005,0.2400000000000002,1.0,9
205,336,5.0,3.468,3.868,0.3999999999999999,6.0,9
207,336,10.0,3.876,4.008,0.1320000000000001,10.0,9
214,337,8.0,2.532,2.856,0.3239999999999998,4.0,9
215,337,9.0,2.86,3.5,0.6400000000000001,2.0,9
216,337,10.0,3.504,3.512,0.008,10.0,9
217,337,6.0,3.516,3.548,0.032,3.0,9
218,337,10.0,3.552,3.556,0.004,10.0,9
219,337,6.0,3.56,3.728,0.1680000000000001,3.0,9
220,337,10.0,3.732,3.76,0.028,10.0,9
221,337,6.0,3.764,3.948,0.1839999999999997,3.0,9
222,337,10.0,3.952,3.956,0.004,10.0,9
223,337,6.0,3.96,3.968,0.008,3.0,9
225,337,6.0,3.976,4.0120000000000005,0.0360000000000004,3.0,9
233,340,5.0,3.94,4.008,0.068,5.0,9
241,341,2.0,2.252,3.264,1.012,6.0,9
242,341,10.0,3.268,4.008,0.7399999999999998,10.0,9
253,342,6.0,2.352,2.74,0.3880000000000003,1.0,9
254,342,5.0,2.744,2.752,0.008,5.0,9
255,342,4.0,2.756,2.76,0.004,9.0,9
256,342,5.0,2.764,3.3200000000000003,0.556,5.0,9
257,342,10.0,3.3240000000000003,3.352,0.0279999999999995,10.0,9
258,342,2.0,3.356,3.384,0.028,4.0,9
259,342,3.0,3.388,3.392,0.004,2.0,9
260,342,10.0,3.612,3.616,0.004,10.0,9
261,342,10.0,3.632,3.636,0.004,10.0,9
262,342,3.0,3.648,4.016,0.3679999999999999,2.0,9
273,343,2.0,2.184,3.072,0.8879999999999999,6.0,9
275,343,5.0,3.08,3.584,0.504,4.0,9
276,343,10.0,3.588,4.0120000000000005,0.4240000000000004,10.0,9
286,344,10.0,2.488,2.492,0.004,10.0,9
287,344,5.0,2.496,2.52,0.024,4.0,9
288,344,10.0,2.524,2.536,0.012,10.0,9
289,344,5.0,2.54,2.576,0.036,4.0,9
290,344,10.0,2.58,2.584,0.004,10.0,9
291,344,5.0,2.588,2.592,0.004,4.0,9
292,344,10.0,2.596,2.608,0.012,10.0,9
293,344,4.0,2.612,2.636,0.024,9.0,9
294,344,10.0,2.64,2.644,0.004,10.0,9
295,344,5.0,2.648,2.684,0.036,4.0,9
296,344,10.0,2.688,2.692,0.004,10.0,9
297,344,5.0,2.696,2.716,0.02,4.0,9
299,344,5.0,2.724,2.74,0.016,4.0,9
300,344,10.0,2.744,2.752,0.008,10.0,9
301,344,5.0,2.756,2.996,0.2399999999999997,4.0,9
302,344,10.0,3.0,3.008,0.008,10.0,9
303,344,5.0,3.012,4.0120000000000005,1.0000000000000004,4.0,9
318,345,7.0,2.224,2.464,0.2399999999999997,9.0,9
319,345,8.0,2.468,2.496,0.028,5.0,9
320,345,10.0,2.668,2.676,0.008,10.0,9
323,345,7.0,2.688,2.692,0.004,9.0,9
324,345,8.0,2.696,2.716,0.02,5.0,9
325,345,10.0,2.72,2.872,0.1519999999999997,10.0,9
326,345,8.0,2.876,2.892,0.016,5.0,9
328,345,9.0,2.9,3.168,0.2680000000000002,1.0,9
330,345,10.0,3.176,3.188,0.012,10.0,9
331,345,5.0,3.192,3.68,0.488,4.0,9
332,345,10.0,3.684,3.688,0.004,10.0,9
333,345,5.0,3.692,4.016,0.3239999999999998,4.0,9
339,346,10.0,3.504,3.512,0.008,10.0,9
340,346,5.0,3.516,4.0120000000000005,0.4960000000000004,5.0,9
344,347,10.0,3.412,3.416,0.004,10.0,9
345,347,5.0,3.42,3.436,0.016,6.0,9
346,347,10.0,3.44,3.444,0.004,10.0,9
347,347,2.0,3.448,4.0120000000000005,0.5640000000000005,5.0,9
354,348,10.0,3.2920000000000003,3.2960000000000003,0.004,10.0,9
355,348,5.0,3.3000000000000003,3.852,0.5519999999999996,5.0,9
357,348,2.0,3.86,4.016,0.1560000000000001,4.0,9
373,349,10.0,2.136,2.144,0.008,10.0,9
374,349,5.0,2.148,2.408,0.2599999999999998,6.0,9
375,349,10.0,2.412,2.828,0.4159999999999999,10.0,9
376,349,5.0,2.832,3.04,0.2080000000000001,6.0,9
377,349,5.0,3.3080000000000003,3.492,0.1839999999999997,6.0,9
379,349,10.0,3.5,3.512,0.012,10.0,9
380,349,5.0,3.516,3.536,0.02,6.0,9
381,349,10.0,3.54,3.576,0.036,10.0,9
382,349,5.0,3.58,3.588,0.008,6.0,9
383,349,10.0,3.592,3.656,0.064,10.0,9
384,349,5.0,3.66,3.672,0.012,6.0,9
385,349,10.0,3.676,3.688,0.012,10.0,9
386,349,4.0,3.692,3.708,0.016,8.0,9
388,349,5.0,3.716,3.852,0.1359999999999996,6.0,9
389,349,10.0,3.856,4.008,0.1520000000000001,10.0,9
403,350,10.0,2.28,2.2880000000000003,0.008,10.0,9
404,350,5.0,2.34,2.48,0.1400000000000001,4.0,9
405,350,10.0,2.676,2.68,0.004,10.0,9
406,350,5.0,2.684,2.908,0.2239999999999997,4.0,9
408,350,5.0,2.916,2.92,0.004,4.0,9
409,350,10.0,2.924,2.928,0.004,10.0,9
411,350,10.0,2.936,2.944,0.008,10.0,9
412,350,3.0,2.948,3.216,0.2680000000000002,2.0,9
414,350,6.0,3.224,3.236,0.012,1.0,9
415,350,10.0,3.24,3.444,0.2039999999999997,10.0,9
416,350,5.0,3.448,3.456,0.008,4.0,9
417,350,10.0,3.46,3.728,0.2680000000000002,10.0,9
418,350,8.0,3.732,3.976,0.2439999999999997,5.0,9
419,350,5.0,3.98,4.004,0.0240000000000004,4.0,9
429,351,3.0,2.952,3.424,0.472,2.0,9
430,351,2.0,3.428,3.436,0.008,5.0,9
431,351,1.0,3.44,3.844,0.4039999999999999,8.0,9
432,351,2.0,3.848,4.0120000000000005,0.1640000000000006,5.0,9
451,352,10.0,2.004,2.008,0.004,10.0,9
453,352,10.0,2.016,2.024,0.008,10.0,9
454,352,4.0,2.028,2.036,0.008,7.0,9
456,352,4.0,2.044,2.152,0.1080000000000001,7.0,9
458,352,5.0,2.16,2.916,0.7559999999999998,5.0,9
459,352,5.0,3.124,4.008,0.8839999999999999,5.0,9
474,353,1.0,2.836,2.848,0.012,7.0,9
476,353,2.0,2.856,2.864,0.008,6.0,9
478,353,1.0,2.872,3.092,0.2200000000000002,7.0,9
479,353,2.0,3.096,3.796,0.7000000000000002,6.0,9
480,353,2.0,3.972,3.976,0.004,6.0,9
481,353,1.0,3.98,3.984,0.004,7.0,9
482,353,2.0,3.988,4.008,0.02,6.0,9
493,354,7.0,2.036,2.856,0.8199999999999998,8.0,9
494,354,8.0,2.86,2.864,0.004,6.0,9
495,354,8.0,3.016,3.76,0.7440000000000002,6.0,9
496,354,10.0,3.764,3.784,0.02,10.0,9
497,354,5.0,3.788,4.016,0.2279999999999997,5.0,9
505,355,4.0,3.064,3.38,0.3159999999999998,7.0,9
506,355,5.0,3.384,3.916,0.532,4.0,9
507,355,10.0,3.92,4.008,0.088,10.0,9
514,357,2.0,3.016,3.184,0.1680000000000001,5.0,9
515,357,1.0,3.188,3.76,0.5720000000000001,7.0,9
516,357,10.0,3.764,3.768,0.004,10.0,9
517,357,4.0,3.772,3.98,0.2079999999999997,9.0,9
518,357,10.0,3.984,3.996,0.012,10.0,9
519,357,2.0,4.0,4.016,0.016,5.0,9
525,358,7.0,3.608,3.864,0.2559999999999998,9.0,9
526,358,10.0,3.868,3.888,0.02,10.0,9
527,358,5.0,3.892,4.0120000000000005,0.1200000000000005,5.0,9
536,359,5.0,2.384,3.272,0.8880000000000003,5.0,9
537,359,6.0,3.276,3.952,0.6759999999999997,1.0,9
538,359,5.0,3.956,3.964,0.008,5.0,9
539,359,10.0,3.968,4.0120000000000005,0.0440000000000004,10.0,9
544,360,6.0,3.352,3.836,0.4840000000000004,2.0,9
545,360,10.0,3.84,3.872,0.032,10.0,9
546,360,2.0,3.876,4.016,0.1400000000000001,5.0,9
10,361,3.0,2.476,2.94,0.4639999999999999,2.0,10
11,361,2.0,2.944,2.952,0.008,5.0,10
12,361,1.0,2.956,3.376,0.4199999999999999,9.0,10
13,361,2.0,3.38,4.0120000000000005,0.6320000000000006,5.0,10
22,362,5.0,2.076,2.44,0.3639999999999999,4.0,10
23,362,5.0,2.648,3.768,1.12,4.0,10
24,362,10.0,3.772,4.008,0.2359999999999997,10.0,10
34,363,1.0,2.352,2.624,0.2720000000000002,7.0,10
35,363,2.0,2.628,3.3200000000000003,0.6920000000000002,6.0,10
36,363,1.0,3.496,4.0120000000000005,0.5160000000000005,7.0,10
49,364,8.0,2.38,2.384,0.004,4.0,10
50,364,8.0,2.536,3.28,0.7440000000000002,4.0,10
51,364,10.0,3.2840000000000003,3.3080000000000003,0.024,10.0,10
52,364,4.0,3.3120000000000003,3.608,0.2959999999999998,9.0,10
55,364,10.0,3.62,3.624,0.004,10.0,10
56,364,5.0,3.628,3.916,0.2879999999999998,5.0,10
58,364,4.0,3.924,3.928,0.004,9.0,10
59,364,5.0,3.932,3.996,0.064,5.0,10
60,364,10.0,4.0,4.008,0.008,10.0,10
74,365,4.0,2.588,2.908,0.3199999999999998,7.0,10
75,365,5.0,2.912,3.44,0.528,6.0,10
76,365,10.0,3.444,4.008,0.5640000000000001,10.0,10
85,367,1.0,2.704,3.276,0.5720000000000001,7.0,10
86,367,10.0,3.28,3.2840000000000003,0.004,10.0,10
87,367,4.0,3.2880000000000003,3.504,0.2159999999999997,8.0,10
88,367,10.0,3.508,3.516,0.008,10.0,10
92,367,10.0,3.532,3.544,0.012,10.0,10
93,367,2.0,3.548,3.776,0.2280000000000002,6.0,10
94,367,10.0,3.78,3.784,0.004,10.0,10
95,367,5.0,3.788,4.008,0.2199999999999997,5.0,10
99,368,7.0,3.128,3.388,0.2599999999999998,9.0,10
100,368,10.0,3.392,3.416,0.024,10.0,10
101,368,5.0,3.42,3.776,0.3560000000000003,4.0,10
102,368,10.0,3.78,4.0120000000000005,0.2320000000000002,10.0,10
113,369,6.0,2.8040000000000003,3.472,0.6679999999999997,1.0,10
114,369,5.0,3.476,3.74,0.2640000000000002,5.0,10
115,369,10.0,3.744,3.752,0.008,10.0,10
116,369,2.0,3.756,4.008,0.2519999999999998,6.0,10
122,370,4.0,2.632,2.64,0.008,8.0,10
124,370,5.0,2.648,2.7,0.052,6.0,10
125,370,10.0,2.704,2.848,0.1439999999999996,10.0,10
126,370,5.0,2.852,2.872,0.02,6.0,10
127,370,6.0,2.876,3.352,0.476,2.0,10
128,370,5.0,3.356,3.36,0.004,6.0,10
129,370,10.0,3.364,3.608,0.2440000000000002,10.0,10
130,370,5.0,3.612,4.008,0.3959999999999999,6.0,10
140,371,6.0,2.312,2.584,0.2720000000000002,2.0,10
141,371,5.0,2.588,2.596,0.008,6.0,10
142,371,4.0,2.6,3.032,0.4319999999999999,7.0,10
143,371,5.0,3.036,3.848,0.8119999999999998,6.0,10
144,371,4.0,3.852,4.008,0.1560000000000001,7.0,10
152,372,7.0,2.72,2.876,0.1559999999999997,7.0,10
153,372,8.0,2.88,2.892,0.012,6.0,10
154,372,10.0,2.896,2.9,0.004,10.0,10
155,372,9.0,2.904,3.3120000000000003,0.4080000000000003,3.0,10
156,372,5.0,3.604,4.008,0.4039999999999999,4.0,10
162,373,9.0,2.408,2.612,0.2040000000000001,1.0,10
164,373,8.0,2.62,3.096,0.476,5.0,10
165,373,9.0,3.1,3.384,0.2839999999999998,1.0,10
166,373,10.0,3.388,3.552,0.1640000000000001,10.0,10
167,373,6.0,3.556,3.628,0.072,3.0,10
168,373,10.0,3.632,3.66,0.028,10.0,10
169,373,5.0,3.664,3.688,0.024,6.0,10
170,373,10.0,3.692,3.704,0.012,10.0,10
172,373,10.0,3.712,4.008,0.2959999999999998,10.0,10
186,374,2.0,2.4,2.588,0.1880000000000001,5.0,10
188,374,2.0,2.596,2.8000000000000003,0.2040000000000001,5.0,10
189,374,10.0,2.8040000000000003,2.852,0.0479999999999996,10.0,10
190,374,3.0,2.856,2.872,0.016,2.0,10
191,374,10.0,2.876,2.88,0.004,10.0,10
192,374,3.0,2.884,2.904,0.02,2.0,10
193,374,10.0,2.908,2.92,0.012,10.0,10
195,374,10.0,2.928,2.988,0.06,10.0,10
196,374,2.0,2.992,3.372,0.3799999999999999,5.0,10
197,374,10.0,3.376,3.748,0.3720000000000003,10.0,10
198,374,2.0,3.752,4.008,0.2559999999999998,5.0,10
215,375,2.0,2.344,2.352,0.008,4.0,10
216,375,1.0,2.356,2.644,0.2880000000000002,7.0,10
217,375,2.0,2.648,3.516,0.8679999999999999,4.0,10
218,375,10.0,3.52,3.524,0.004,10.0,10
219,375,5.0,3.528,3.532,0.004,5.0,10
221,375,5.0,3.54,3.544,0.004,5.0,10
222,375,10.0,3.548,3.804,0.2560000000000002,10.0,10
223,375,4.0,3.808,3.816,0.008,9.0,10
224,375,10.0,3.82,4.0120000000000005,0.1920000000000001,10.0,10
239,376,5.0,2.02,2.3040000000000003,0.2840000000000002,5.0,10
241,376,6.0,2.312,2.576,0.2640000000000002,1.0,10
242,376,5.0,2.58,2.944,0.3639999999999999,5.0,10
243,376,4.0,2.948,3.24,0.2920000000000002,7.0,10
244,376,5.0,3.244,3.248,0.004,5.0,10
245,376,5.0,3.448,3.932,0.484,5.0,10
246,376,10.0,3.936,3.94,0.004,10.0,10
247,376,5.0,3.944,3.976,0.032,5.0,10
248,376,10.0,3.98,4.008,0.028,10.0,10
268,377,8.0,2.344,2.348,0.004,5.0,10
269,377,7.0,2.352,3.056,0.7040000000000002,9.0,10
270,377,8.0,3.06,3.068,0.008,5.0,10
271,377,9.0,3.072,3.428,0.3559999999999998,1.0,10
272,377,10.0,3.432,3.456,0.024,10.0,10
273,377,5.0,3.46,3.872,0.4119999999999999,4.0,10
274,377,10.0,3.876,3.884,0.008,10.0,10
275,377,6.0,3.888,4.0120000000000005,0.1240000000000005,3.0,10
287,378,2.0,2.908,2.928,0.02,6.0,10
288,378,3.0,2.932,3.484,0.552,1.0,10
289,378,10.0,3.488,3.492,0.004,10.0,10
290,378,6.0,3.496,4.0120000000000005,0.5160000000000005,2.0,10
299,379,2.0,2.472,3.832,1.3600000000000003,6.0,10
300,379,10.0,3.836,4.008,0.1719999999999997,10.0,10
317,380,9.0,2.712,3.444,0.7319999999999998,1.0,10
318,380,10.0,3.448,3.824,0.3760000000000003,10.0,10
319,380,5.0,3.828,4.008,0.1799999999999997,4.0,10
347,381,10.0,2.0,2.004,0.004,10.0,10
348,381,8.0,2.008,2.012,0.004,6.0,10
349,381,10.0,2.016,2.116,0.1,10.0,10
350,381,5.0,2.12,2.128,0.008,5.0,10
352,381,1.0,2.136,2.404,0.2679999999999998,7.0,10
353,381,10.0,2.408,2.48,0.072,10.0,10
354,381,2.0,2.484,2.972,0.488,4.0,10
355,381,10.0,2.976,3.016,0.04,10.0,10
356,381,1.0,3.02,3.98,0.96,7.0,10
357,381,2.0,3.984,4.008,0.024,4.0,10
373,383,9.0,2.024,2.028,0.004,3.0,10
375,383,9.0,2.036,2.192,0.1560000000000001,3.0,10
376,383,10.0,2.196,2.2,0.004,10.0,10
377,383,6.0,2.204,2.208,0.004,2.0,10
379,383,3.0,2.216,2.68,0.4639999999999999,1.0,10
380,383,2.0,2.684,2.692,0.008,6.0,10
381,383,1.0,2.696,2.704,0.008,9.0,10
382,383,2.0,2.708,2.732,0.024,6.0,10
384,383,2.0,2.74,2.752,0.012,6.0,10
385,383,10.0,2.756,2.7880000000000003,0.032,10.0,10
386,383,1.0,2.7920000000000003,2.8040000000000003,0.012,9.0,10
387,383,10.0,2.8080000000000003,2.856,0.0479999999999996,10.0,10
388,383,2.0,2.86,2.964,0.104,6.0,10
389,383,3.0,2.968,3.668,0.7000000000000002,1.0,10
390,383,2.0,3.672,4.0120000000000005,0.3400000000000003,6.0,10
398,384,6.0,2.148,2.152,0.004,2.0,10
399,384,10.0,2.156,2.2880000000000003,0.1320000000000001,10.0,10
400,384,9.0,2.2920000000000003,2.888,0.5959999999999996,1.0,10
401,384,8.0,2.892,3.3200000000000003,0.4280000000000004,5.0,10
402,384,9.0,3.3240000000000003,4.0120000000000005,0.6880000000000002,1.0,10
411,385,2.0,2.496,2.968,0.472,4.0,10
412,385,3.0,2.972,4.0120000000000005,1.0400000000000005,1.0,10
433,386,6.0,2.108,2.112,0.004,1.0,10
434,386,10.0,2.116,2.12,0.004,10.0,10
435,386,6.0,2.124,2.28,0.1560000000000001,1.0,10
436,386,10.0,2.2840000000000003,2.2880000000000003,0.004,10.0,10
437,386,9.0,2.2920000000000003,2.348,0.0559999999999996,2.0,10
438,386,10.0,2.352,2.368,0.016,10.0,10
439,386,6.0,2.372,3.028,0.6560000000000001,1.0,10
440,386,5.0,3.032,3.116,0.084,6.0,10
441,386,10.0,3.12,3.168,0.048,10.0,10
442,386,6.0,3.172,3.184,0.012,1.0,10
444,386,6.0,3.192,3.2,0.008,1.0,10
445,386,10.0,3.204,3.208,0.004,10.0,10
446,386,5.0,3.212,3.444,0.2319999999999997,6.0,10
447,386,4.0,3.448,4.0120000000000005,0.5640000000000005,7.0,10
458,387,3.0,2.256,2.2920000000000003,0.036,2.0,10
461,387,10.0,2.3040000000000003,2.38,0.0759999999999996,10.0,10
462,387,2.0,2.384,2.656,0.2720000000000002,4.0,10
463,387,10.0,2.66,2.704,0.044,10.0,10
464,387,2.0,2.708,2.732,0.024,4.0,10
465,387,10.0,2.736,2.74,0.004,10.0,10
466,387,2.0,2.744,2.748,0.004,4.0,10
467,387,10.0,2.752,2.8040000000000003,0.052,10.0,10
468,387,3.0,2.8080000000000003,2.82,0.0119999999999995,2.0,10
469,387,10.0,2.824,2.828,0.004,10.0,10
470,387,3.0,2.832,2.836,0.004,2.0,10
471,387,10.0,2.84,2.872,0.032,10.0,10
472,387,3.0,2.876,3.156,0.2800000000000002,2.0,10
473,387,10.0,3.16,3.232,0.072,10.0,10
474,387,2.0,3.236,3.2840000000000003,0.048,4.0,10
475,387,10.0,3.2880000000000003,3.2960000000000003,0.008,10.0,10
476,387,2.0,3.3000000000000003,4.008,0.7079999999999997,4.0,10
481,388,6.0,2.008,2.012,0.004,2.0,10
482,388,10.0,2.016,2.024,0.008,10.0,10
483,388,6.0,2.028,2.08,0.052,2.0,10
485,388,9.0,2.088,2.588,0.5,1.0,10
487,388,8.0,2.596,2.848,0.2519999999999998,4.0,10
488,388,7.0,2.852,3.192,0.3400000000000003,8.0,10
489,388,8.0,3.196,3.2,0.004,4.0,10
490,388,7.0,3.204,3.3240000000000003,0.1200000000000001,8.0,10
492,388,7.0,3.332,3.34,0.008,8.0,10
493,388,10.0,3.344,3.348,0.004,10.0,10
494,388,7.0,3.352,3.428,0.076,8.0,10
495,388,8.0,3.432,3.452,0.02,4.0,10
496,388,9.0,3.456,3.996,0.54,1.0,10
497,388,8.0,4.0,4.008,0.008,4.0,10
512,389,10.0,2.032,2.036,0.004,10.0,10
513,389,9.0,2.04,2.048,0.008,3.0,10
514,389,10.0,2.052,2.068,0.016,10.0,10
515,389,9.0,2.072,2.128,0.056,3.0,10
516,389,10.0,2.132,2.14,0.008,10.0,10
517,389,9.0,2.144,2.9,0.7559999999999998,3.0,10
518,389,8.0,2.904,4.0120000000000005,1.1080000000000003,5.0,10
532,390,3.0,2.084,2.656,0.5720000000000001,1.0,10
533,390,2.0,2.66,2.672,0.012,4.0,10
534,390,1.0,2.676,3.012,0.3359999999999998,7.0,10
535,390,2.0,3.016,3.036,0.02,4.0,10
536,390,3.0,3.04,3.408,0.3679999999999999,1.0,10
537,390,2.0,3.412,4.0120000000000005,0.6000000000000005,4.0,10
555,393,6.0,2.084,4.008,1.924,1.0,10
578,395,10.0,2.548,2.556,0.008,10.0,10
579,395,3.0,2.56,2.744,0.1840000000000001,1.0,10
580,395,2.0,2.748,3.176,0.4279999999999999,4.0,10
582,395,3.0,3.184,4.0120000000000005,0.8280000000000003,1.0,10
593,396,2.0,2.204,3.428,1.2239999999999998,4.0,10
595,396,3.0,3.436,4.008,0.5720000000000001,3.0,10
614,397,6.0,2.1,2.98,0.8799999999999999,2.0,10
615,397,5.0,2.984,2.996,0.012,5.0,10
616,397,4.0,3.0,3.008,0.008,9.0,10
617,397,5.0,3.012,3.024,0.012,5.0,10
619,397,4.0,3.032,3.104,0.072,9.0,10
620,397,10.0,3.108,3.156,0.048,10.0,10
621,397,5.0,3.16,3.164,0.004,5.0,10
622,397,10.0,3.168,3.204,0.036,10.0,10
623,397,4.0,3.208,3.22,0.012,9.0,10
624,397,10.0,3.224,3.232,0.008,10.0,10
625,397,4.0,3.236,3.264,0.028,9.0,10
627,397,4.0,3.272,3.36,0.0879999999999996,9.0,10
628,397,5.0,3.364,4.008,0.6440000000000001,5.0,10
636,398,8.0,2.9,4.0120000000000005,1.1120000000000003,4.0,10
645,399,10.0,2.024,2.028,0.004,10.0,10
646,399,6.0,2.032,2.044,0.012,2.0,10
647,399,10.0,2.048,2.06,0.012,10.0,10
648,399,6.0,2.064,2.068,0.004,2.0,10
649,399,10.0,2.072,2.088,0.016,10.0,10
650,399,3.0,2.092,2.1,0.008,1.0,10
652,399,3.0,2.108,4.0120000000000005,1.9040000000000004,1.0,10
657,400,10.0,2.012,2.016,0.004,10.0,10
658,400,8.0,2.02,2.036,0.016,4.0,10
659,400,10.0,2.04,2.044,0.004,10.0,10
660,400,8.0,2.048,2.736,0.6880000000000002,4.0,10
661,400,10.0,2.74,2.744,0.004,10.0,10
662,400,5.0,2.748,2.756,0.008,6.0,10
663,400,10.0,2.76,2.912,0.1519999999999997,10.0,10
664,400,5.0,2.916,2.92,0.004,6.0,10
666,400,8.0,2.928,3.972,1.044,4.0,10
667,400,10.0,3.976,3.98,0.004,10.0,10
668,400,5.0,3.984,4.0120000000000005,0.0280000000000004,6.0,10
