,Unnamed: 0,Trial,AoI,Onset,Offset,Duration,Feature,Block
0,0,1,5.0,0.0,0.46,0.46,5.0,1
1,1,1,10.0,0.464,0.468,0.004,10.0,1
2,2,1,2.0,0.472,0.868,0.3959999999999999,6.0,1
3,4,1,5.0,0.876,1.716,0.84,5.0,1
4,11,2,10.0,0.0,0.072,0.072,10.0,1
5,12,2,5.0,0.076,0.56,0.484,5.0,1
6,13,2,10.0,0.5640000000000001,0.5720000000000001,0.008,10.0,1
7,15,2,7.0,0.58,0.7000000000000001,0.1200000000000001,7.0,1
8,16,2,10.0,0.704,0.712,0.008,10.0,1
9,17,2,5.0,0.716,0.924,0.208,5.0,1
10,19,2,2.0,0.932,1.16,0.2279999999999998,4.0,1
11,39,3,7.0,0.0,0.272,0.272,8.0,1
12,40,3,10.0,0.276,0.336,0.06,10.0,1
13,41,3,7.0,0.34,0.552,0.212,8.0,1
14,42,3,8.0,0.556,0.864,0.3079999999999999,4.0,1
15,76,4,4.0,0.0,0.372,0.372,7.0,1
16,77,4,5.0,0.376,0.624,0.248,5.0,1
17,78,4,10.0,0.628,0.636,0.008,10.0,1
18,79,4,4.0,0.64,0.8160000000000001,0.176,7.0,1
19,81,4,1.0,0.8240000000000001,1.136,0.312,9.0,1
20,83,4,2.0,1.144,2.78,1.636,6.0,1
21,94,5,1.0,0.0,0.084,0.084,9.0,1
22,95,5,2.0,0.088,0.476,0.388,6.0,1
23,96,5,1.0,0.48,0.8320000000000001,0.3520000000000001,9.0,1
24,111,6,10.0,0.0,0.204,0.204,10.0,1
25,112,6,5.0,0.208,0.272,0.064,4.0,1
26,113,6,4.0,0.276,0.492,0.2159999999999999,9.0,1
27,115,6,5.0,0.5,0.876,0.376,4.0,1
28,121,7,10.0,0.0,0.224,0.224,10.0,1
29,122,7,8.0,0.228,2.488,2.26,6.0,1
30,142,8,1.0,0.0,0.216,0.216,9.0,1
31,143,8,10.0,0.22,0.224,0.004,10.0,1
32,144,8,5.0,0.228,0.368,0.1399999999999999,4.0,1
33,145,8,10.0,0.372,0.376,0.004,10.0,1
34,146,8,8.0,0.38,3.408,3.028,6.0,1
35,151,9,2.0,0.0,0.232,0.232,5.0,1
36,152,9,10.0,0.236,0.24,0.0039999999999999,10.0,1
37,153,9,5.0,0.244,3.792,3.548,6.0,1
38,158,10,5.0,0.0,0.768,0.768,4.0,1
39,159,10,10.0,0.772,0.78,0.008,10.0,1
40,160,10,2.0,0.784,1.328,0.544,5.0,1
41,175,11,5.0,0.0,0.332,0.332,6.0,1
42,176,11,10.0,0.336,0.34,0.004,10.0,1
43,177,11,8.0,0.344,4.008,3.664,4.0,1
44,178,12,8.0,0.0,0.172,0.172,4.0,1
45,179,12,10.0,0.176,0.18,0.004,10.0,1
46,180,12,5.0,0.184,0.188,0.004,6.0,1
47,183,12,10.0,0.2,0.356,0.1559999999999999,10.0,1
48,184,12,3.0,0.36,0.516,0.156,3.0,1
49,186,12,6.0,0.524,0.672,0.148,2.0,1
50,187,12,10.0,0.676,0.68,0.004,10.0,1
51,188,12,6.0,0.684,0.6920000000000001,0.008,2.0,1
52,212,13,2.0,0.0,0.372,0.372,5.0,1
53,213,13,10.0,0.376,0.384,0.008,10.0,1
54,214,13,4.0,0.388,0.508,0.12,7.0,1
55,215,13,10.0,0.512,0.52,0.008,10.0,1
56,217,13,8.0,0.528,0.992,0.4639999999999999,4.0,1
57,218,13,10.0,0.996,1.0,0.004,10.0,1
58,219,13,5.0,1.004,1.064,0.06,6.0,1
59,220,13,10.0,1.068,1.072,0.004,10.0,1
60,221,13,2.0,1.076,1.56,0.484,5.0,1
61,238,14,7.0,0.0,0.296,0.296,7.0,1
62,240,14,4.0,0.304,0.312,0.008,9.0,1
63,242,14,1.0,0.32,0.516,0.196,8.0,1
64,243,14,10.0,0.52,0.524,0.004,10.0,1
65,244,14,5.0,0.528,0.5760000000000001,0.048,5.0,1
66,246,14,4.0,0.584,0.94,0.3560000000000001,9.0,1
67,263,15,10.0,0.0,0.236,0.236,10.0,1
68,264,15,4.0,0.24,0.244,0.004,7.0,1
69,265,15,10.0,0.248,0.256,0.008,10.0,1
70,266,15,1.0,0.26,0.892,0.632,9.0,1
71,287,16,7.0,0.0,0.324,0.324,7.0,1
72,288,16,10.0,0.328,0.336,0.008,10.0,1
73,289,16,7.0,0.34,0.344,0.004,7.0,1
74,291,16,7.0,0.352,0.44,0.088,7.0,1
75,293,16,8.0,0.448,0.456,0.008,5.0,1
76,294,16,10.0,0.46,0.48,0.0199999999999999,10.0,1
77,297,16,9.0,0.492,0.516,0.024,3.0,1
78,298,16,10.0,0.52,0.58,0.0599999999999999,10.0,1
79,299,16,9.0,0.584,0.592,0.008,3.0,1
80,300,16,10.0,0.596,0.608,0.012,10.0,1
81,301,16,6.0,0.612,0.62,0.008,2.0,1
82,302,16,10.0,0.624,0.668,0.044,10.0,1
83,303,16,6.0,0.672,0.836,0.1639999999999999,2.0,1
84,304,16,10.0,0.84,0.848,0.008,10.0,1
85,305,16,6.0,0.852,0.856,0.004,2.0,1
86,307,16,6.0,0.864,1.012,0.148,2.0,1
87,308,16,5.0,1.016,1.296,0.28,6.0,1
88,309,16,10.0,1.3,1.308,0.008,10.0,1
89,310,16,2.0,1.312,1.572,0.26,4.0,1
90,312,16,1.0,1.58,1.88,0.3,8.0,1
91,329,17,1.0,0.0,0.168,0.168,9.0,1
92,331,17,4.0,0.176,0.18,0.004,8.0,1
93,332,17,10.0,0.184,0.336,0.152,10.0,1
94,333,17,4.0,0.34,0.356,0.0159999999999999,8.0,1
95,334,17,10.0,0.36,0.368,0.008,10.0,1
96,335,17,5.0,0.372,0.38,0.008,5.0,1
97,336,17,10.0,0.384,0.388,0.004,10.0,1
98,337,17,4.0,0.392,0.464,0.072,8.0,1
99,338,17,10.0,0.468,0.472,0.004,10.0,1
100,339,17,5.0,0.476,1.404,0.9280000000000002,5.0,1
101,340,17,10.0,1.408,1.412,0.004,10.0,1
102,341,17,8.0,1.416,2.7880000000000003,1.3720000000000003,4.0,1
103,347,18,5.0,0.0,0.288,0.288,5.0,1
104,348,18,10.0,0.292,0.296,0.004,10.0,1
105,349,18,7.0,0.3,1.032,0.732,9.0,1
106,370,19,5.0,0.0,0.244,0.244,4.0,1
107,371,19,10.0,0.248,0.252,0.004,10.0,1
108,372,19,2.0,0.256,0.552,0.296,6.0,1
109,373,19,10.0,0.556,0.5720000000000001,0.016,10.0,1
110,374,19,1.0,0.5760000000000001,0.772,0.1959999999999999,9.0,1
111,376,19,4.0,0.78,0.784,0.004,7.0,1
112,378,19,8.0,0.792,1.164,0.3719999999999999,5.0,1
113,379,19,10.0,1.168,1.176,0.008,10.0,1
114,380,19,5.0,1.18,1.188,0.008,4.0,1
115,381,19,10.0,1.192,1.208,0.016,10.0,1
116,382,19,5.0,1.212,2.36,1.148,4.0,1
117,388,20,1.0,0.0,0.12,0.12,8.0,1
118,389,20,10.0,0.124,0.296,0.172,10.0,1
119,390,20,1.0,0.3,0.308,0.008,8.0,1
120,391,20,2.0,0.312,0.504,0.192,4.0,1
121,393,20,5.0,0.512,0.52,0.008,5.0,1
122,394,20,10.0,0.524,0.528,0.004,10.0,1
123,395,20,8.0,0.532,0.8,0.268,6.0,1
124,396,20,7.0,0.804,0.984,0.1799999999999999,7.0,1
125,410,21,2.0,0.0,3.716,3.716,4.0,1
126,413,22,5.0,0.0,0.556,0.556,5.0,1
127,414,22,10.0,0.56,0.5640000000000001,0.004,10.0,1
128,415,22,2.0,0.5680000000000001,4.008,3.44,4.0,1
129,416,23,2.0,0.0,0.112,0.112,4.0,1
130,417,23,10.0,0.116,0.12,0.0039999999999999,10.0,1
131,418,23,5.0,0.124,0.132,0.008,5.0,1
132,419,23,10.0,0.136,0.144,0.008,10.0,1
133,420,23,8.0,0.148,0.168,0.02,6.0,1
134,422,23,9.0,0.176,0.496,0.32,1.0,1
135,423,23,8.0,0.5,0.712,0.2119999999999999,6.0,1
136,432,24,5.0,0.0,0.52,0.52,6.0,1
137,433,24,10.0,0.524,0.528,0.004,10.0,1
138,435,24,9.0,0.536,0.752,0.2159999999999999,2.0,1
139,437,24,6.0,0.76,0.768,0.008,1.0,1
140,455,25,6.0,0.0,0.156,0.156,1.0,1
141,456,25,10.0,0.16,0.184,0.0239999999999999,10.0,1
142,457,25,6.0,0.188,0.48,0.292,1.0,1
143,460,25,10.0,0.492,0.512,0.02,10.0,1
144,461,25,6.0,0.516,2.836,2.32,1.0,1
145,471,26,4.0,0.0,0.42,0.42,7.0,1
146,504,27,2.0,0.0,0.684,0.684,6.0,1
147,529,28,4.0,0.0,0.26,0.26,9.0,1
148,530,28,5.0,0.264,0.892,0.628,5.0,1
149,531,28,10.0,0.896,0.904,0.008,10.0,1
150,532,28,5.0,0.908,1.68,0.7719999999999999,5.0,1
151,538,29,5.0,0.0,0.716,0.716,5.0,1
152,547,30,5.0,0.0,0.648,0.648,5.0,1
153,554,31,5.0,0.0,0.58,0.58,6.0,1
154,562,32,10.0,0.0,0.644,0.644,10.0,1
155,581,33,2.0,0.0,0.008,0.008,5.0,1
156,582,33,3.0,0.012,0.016,0.004,1.0,1
157,584,33,3.0,0.024,0.328,0.304,1.0,1
158,585,33,2.0,0.332,0.336,0.004,5.0,1
159,586,33,10.0,0.34,0.348,0.008,10.0,1
160,587,33,2.0,0.352,0.608,0.256,5.0,1
161,588,33,10.0,0.612,0.616,0.004,10.0,1
162,591,33,4.0,0.628,0.74,0.1119999999999999,9.0,1
163,592,33,10.0,0.744,0.752,0.008,10.0,1
164,593,33,5.0,0.756,1.42,0.6639999999999999,4.0,1
165,635,34,10.0,0.004,0.008,0.004,10.0,1
166,636,34,5.0,0.012,0.028,0.016,6.0,1
167,637,34,10.0,0.032,0.044,0.0119999999999999,10.0,1
168,638,34,2.0,0.048,0.072,0.024,4.0,1
169,639,34,10.0,0.076,0.528,0.452,10.0,1
170,640,34,2.0,0.532,0.64,0.1079999999999999,4.0,1
171,642,34,5.0,0.648,0.936,0.288,6.0,1
172,643,34,10.0,0.94,1.02,0.0799999999999999,10.0,1
173,645,34,10.0,1.028,1.108,0.08,10.0,1
174,646,34,6.0,1.112,1.144,0.032,3.0,1
175,647,34,5.0,1.148,1.184,0.0359999999999998,6.0,1
176,648,34,4.0,1.188,1.224,0.036,8.0,1
177,649,34,10.0,1.228,1.232,0.004,10.0,1
178,650,34,5.0,1.236,1.36,0.1240000000000001,6.0,1
179,652,34,6.0,1.368,1.776,0.4079999999999999,3.0,1
180,654,35,5.0,0.0,4.008,4.008,5.0,1
181,655,36,5.0,0.0,0.68,0.68,5.0,1
182,669,37,8.0,0.0,0.06,0.06,5.0,1
183,670,37,10.0,0.064,0.072,0.008,10.0,1
184,671,37,5.0,0.076,0.556,0.48,6.0,1
185,672,37,10.0,0.56,0.5640000000000001,0.004,10.0,1
186,673,37,8.0,0.5680000000000001,0.84,0.2719999999999999,5.0,1
187,703,38,10.0,0.0,0.56,0.56,10.0,1
188,709,39,8.0,0.0,0.676,0.676,5.0,1
189,718,40,5.0,0.0,0.24,0.24,5.0,1
190,719,40,10.0,0.244,0.248,0.004,10.0,1
191,720,40,2.0,0.252,0.604,0.352,6.0,1
192,721,40,10.0,0.608,0.772,0.164,10.0,1
193,722,40,5.0,0.776,1.404,0.6280000000000001,5.0,1
194,0,41,5.0,0.0,0.196,0.196,4.0,2
195,2,41,2.0,0.204,0.508,0.304,6.0,2
196,3,41,1.0,0.512,0.916,0.404,9.0,2
197,9,42,2.0,0.0,0.168,0.168,5.0,2
198,10,42,10.0,0.172,0.176,0.0039999999999999,10.0,2
199,11,42,5.0,0.18,3.616,3.436,6.0,2
200,17,43,4.0,0.0,0.276,0.276,9.0,2
201,18,43,10.0,0.28,0.288,0.008,10.0,2
202,19,43,4.0,0.292,0.296,0.004,9.0,2
203,21,43,4.0,0.304,0.6880000000000001,0.384,9.0,2
204,68,44,10.0,0.0,0.016,0.016,10.0,2
205,69,44,6.0,0.02,0.032,0.012,2.0,2
206,70,44,10.0,0.036,0.056,0.0199999999999999,10.0,2
207,71,44,3.0,0.06,0.392,0.332,1.0,2
208,73,44,6.0,0.4,0.408,0.008,2.0,2
209,75,44,9.0,0.416,0.428,0.0119999999999999,3.0,2
210,76,44,10.0,0.432,0.856,0.424,10.0,2
211,94,45,5.0,0.0,0.468,0.468,6.0,2
212,95,45,10.0,0.472,0.476,0.004,10.0,2
213,96,45,6.0,0.48,0.984,0.504,1.0,2
214,100,46,5.0,0.0,0.26,0.26,5.0,2
215,102,46,2.0,0.268,0.664,0.396,6.0,2
216,103,46,10.0,0.668,0.672,0.004,10.0,2
217,105,46,6.0,0.68,1.176,0.4959999999999999,1.0,2
218,114,47,5.0,0.0,0.256,0.256,5.0,2
219,115,47,6.0,0.26,0.42,0.1599999999999999,2.0,2
220,117,47,9.0,0.428,0.5680000000000001,0.14,3.0,2
221,119,47,6.0,0.5760000000000001,0.584,0.0079999999999998,2.0,2
222,121,47,3.0,0.592,1.032,0.44,1.0,2
223,127,48,5.0,0.0,0.012,0.012,4.0,2
224,128,48,10.0,0.016,0.212,0.196,10.0,2
225,129,48,7.0,0.216,0.428,0.212,8.0,2
226,130,48,10.0,0.432,0.436,0.004,10.0,2
227,131,48,4.0,0.44,0.68,0.24,7.0,2
228,136,49,5.0,0.0,0.208,0.208,6.0,2
229,138,49,2.0,0.216,0.264,0.048,4.0,2
230,139,49,10.0,0.268,0.272,0.004,10.0,2
231,140,49,5.0,0.276,0.756,0.48,6.0,2
232,150,50,5.0,0.0,0.244,0.244,5.0,2
233,152,50,8.0,0.252,0.264,0.012,6.0,2
234,153,50,10.0,0.268,0.276,0.008,10.0,2
235,154,50,8.0,0.28,3.336,3.056,6.0,2
236,157,51,5.0,0.0,0.232,0.232,4.0,2
237,159,51,8.0,0.24,3.276,3.0360000000000005,6.0,2
238,170,52,1.0,0.0,0.276,0.276,8.0,2
239,171,52,2.0,0.28,0.48,0.1999999999999999,6.0,2
240,173,52,5.0,0.488,0.792,0.304,5.0,2
241,188,53,5.0,0.0,0.244,0.244,4.0,2
242,189,53,10.0,0.248,0.252,0.004,10.0,2
243,190,53,2.0,0.256,3.624,3.3680000000000003,5.0,2
244,200,54,10.0,0.0,0.288,0.288,10.0,2
245,201,54,5.0,0.292,4.008,3.716,5.0,2
246,202,55,5.0,0.0,0.664,0.664,6.0,2
247,203,55,10.0,0.668,0.672,0.004,10.0,2
248,204,55,2.0,0.676,1.424,0.7479999999999999,5.0,2
249,217,56,5.0,0.0,4.008,4.008,5.0,2
250,218,57,5.0,0.0,0.8,0.8,5.0,2
251,244,58,5.0,0.0,0.236,0.236,4.0,2
252,245,58,10.0,0.24,0.248,0.008,10.0,2
253,246,58,1.0,0.252,0.492,0.24,9.0,2
254,247,58,2.0,0.496,1.428,0.932,6.0,2
255,260,59,10.0,0.0,0.18,0.18,10.0,2
256,261,59,8.0,0.184,0.356,0.172,4.0,2
257,263,59,5.0,0.364,0.372,0.008,5.0,2
258,265,59,2.0,0.38,3.268,2.8880000000000003,6.0,2
259,269,60,4.0,0.0,0.216,0.216,9.0,2
260,270,60,10.0,0.22,0.224,0.004,10.0,2
261,271,60,7.0,0.228,0.38,0.152,8.0,2
262,274,60,10.0,0.392,0.396,0.004,10.0,2
263,275,60,10.0,0.46,0.468,0.008,10.0,2
264,276,60,6.0,0.472,0.476,0.004,2.0,2
265,277,60,10.0,0.48,0.504,0.024,10.0,2
266,278,60,5.0,0.508,0.704,0.1959999999999999,4.0,2
267,280,60,8.0,0.712,0.936,0.2240000000000001,6.0,2
268,281,60,10.0,0.94,0.944,0.004,10.0,2
269,282,60,5.0,0.948,0.952,0.004,4.0,2
270,284,60,2.0,0.96,1.236,0.276,5.0,2
271,285,60,10.0,1.24,1.244,0.004,10.0,2
272,286,60,5.0,1.248,1.812,0.5640000000000001,4.0,2
273,327,62,5.0,0.0,1.076,1.076,4.0,2
274,329,62,2.0,1.084,1.38,0.296,5.0,2
275,346,63,5.0,0.0,0.056,0.056,6.0,2
276,347,63,4.0,0.06,0.444,0.384,9.0,2
277,348,63,5.0,0.448,1.032,0.5840000000000001,6.0,2
278,369,64,8.0,0.0,0.26,0.26,6.0,2
279,370,64,10.0,0.264,0.272,0.008,10.0,2
280,371,64,4.0,0.276,1.024,0.748,8.0,2
281,386,65,8.0,0.0,0.228,0.228,4.0,2
282,387,65,10.0,0.232,0.236,0.004,10.0,2
283,388,65,5.0,0.24,0.516,0.276,6.0,2
284,403,66,8.0,0.0,0.124,0.124,6.0,2
285,404,66,10.0,0.128,0.288,0.16,10.0,2
286,407,66,10.0,0.36,0.364,0.004,10.0,2
287,408,66,10.0,0.38,0.388,0.008,10.0,2
288,409,66,4.0,0.392,0.592,0.1999999999999999,9.0,2
289,410,66,10.0,0.596,1.012,0.416,10.0,2
290,420,67,2.0,0.0,0.14,0.14,6.0,2
291,421,67,10.0,0.144,0.148,0.0039999999999999,10.0,2
292,422,67,5.0,0.152,0.16,0.008,4.0,2
293,423,67,10.0,0.164,0.168,0.004,10.0,2
294,424,67,7.0,0.172,0.624,0.4519999999999999,8.0,2
295,436,68,6.0,0.0,0.36,0.36,2.0,2
296,437,68,10.0,0.364,0.376,0.012,10.0,2
297,439,68,10.0,0.384,0.404,0.02,10.0,2
298,454,69,2.0,0.0,0.14,0.14,4.0,2
299,456,69,5.0,0.148,1.084,0.936,6.0,2
300,465,70,2.0,0.0,0.28,0.28,6.0,2
301,466,70,3.0,0.284,0.548,0.264,1.0,2
302,472,71,8.0,0.0,1.036,1.036,6.0,2
303,477,72,2.0,0.0,0.32,0.32,6.0,2
304,478,72,10.0,0.324,0.328,0.004,10.0,2
305,479,72,5.0,0.332,0.34,0.008,4.0,2
306,480,72,10.0,0.344,0.348,0.004,10.0,2
307,481,72,8.0,0.352,0.368,0.016,5.0,2
308,482,72,7.0,0.372,0.476,0.104,8.0,2
309,484,72,8.0,0.484,0.532,0.048,5.0,2
310,486,72,7.0,0.54,0.5760000000000001,0.036,8.0,2
311,488,72,8.0,0.584,0.612,0.028,5.0,2
312,489,72,7.0,0.616,1.048,0.432,8.0,2
313,527,73,5.0,0.0,1.024,1.024,5.0,2
314,541,74,5.0,0.0,1.028,1.028,5.0,2
315,542,74,10.0,1.032,1.036,0.004,10.0,2
316,543,74,2.0,1.04,1.296,0.256,4.0,2
317,547,75,2.0,0.0,0.672,0.672,5.0,2
318,557,76,3.0,0.0,0.112,0.112,1.0,2
319,558,76,10.0,0.116,0.12,0.0039999999999999,10.0,2
320,559,76,5.0,0.124,0.144,0.02,4.0,2
321,561,76,10.0,0.152,0.196,0.044,10.0,2
322,562,76,4.0,0.2,0.484,0.284,8.0,2
323,564,76,4.0,0.492,0.848,0.356,8.0,2
324,583,77,5.0,0.0,1.16,1.16,6.0,2
325,605,78,1.0,0.0,0.156,0.156,8.0,2
326,606,78,2.0,0.16,0.368,0.208,6.0,2
327,609,78,10.0,0.464,0.492,0.0279999999999999,10.0,2
328,610,78,10.0,0.5,0.516,0.016,10.0,2
329,611,78,1.0,0.52,1.068,0.548,8.0,2
330,614,79,5.0,0.0,1.032,1.032,6.0,2
331,637,80,8.0,0.0,0.152,0.152,4.0,2
332,638,80,10.0,0.156,0.16,0.004,10.0,2
333,639,80,5.0,0.164,0.672,0.508,5.0,2
334,640,80,10.0,0.676,0.68,0.004,10.0,2
335,641,80,2.0,0.684,0.904,0.2199999999999999,6.0,2
336,0,81,5.0,0.0,0.356,0.356,5.0,3
337,1,81,10.0,0.36,0.364,0.004,10.0,3
338,2,81,2.0,0.368,0.668,0.3,6.0,3
339,3,81,1.0,0.672,0.964,0.2919999999999999,7.0,3
340,28,82,10.0,0.0,0.26,0.26,10.0,3
341,29,82,2.0,0.264,0.292,0.0279999999999999,4.0,3
342,30,82,10.0,0.296,0.3,0.004,10.0,3
343,31,82,5.0,0.304,0.308,0.004,5.0,3
344,33,82,8.0,0.316,0.92,0.6040000000000001,6.0,3
345,47,83,1.0,0.0,0.244,0.244,8.0,3
346,49,83,4.0,0.252,0.264,0.012,9.0,3
347,50,83,10.0,0.268,0.276,0.008,10.0,3
348,51,83,4.0,0.28,0.46,0.18,9.0,3
349,52,83,10.0,0.464,0.468,0.004,10.0,3
350,53,83,7.0,0.472,0.484,0.0119999999999999,7.0,3
351,54,83,10.0,0.488,0.496,0.008,10.0,3
352,55,83,7.0,0.5,0.8,0.3,7.0,3
353,56,83,8.0,0.804,1.308,0.504,5.0,3
354,69,84,4.0,0.0,2.484,2.484,7.0,3
355,79,85,4.0,0.0,0.268,0.268,9.0,3
356,80,85,10.0,0.272,0.276,0.004,10.0,3
357,81,85,7.0,0.28,0.292,0.0119999999999999,7.0,3
358,82,85,10.0,0.296,0.3,0.004,10.0,3
359,83,85,7.0,0.304,2.436,2.132,7.0,3
360,101,86,10.0,0.0,0.244,0.244,10.0,3
361,102,86,4.0,0.248,0.252,0.004,8.0,3
362,104,86,7.0,0.26,0.268,0.008,7.0,3
363,105,86,10.0,0.272,0.28,0.008,10.0,3
364,106,86,7.0,0.284,0.752,0.4679999999999999,7.0,3
365,124,87,4.0,0.0,0.248,0.248,8.0,3
366,125,87,10.0,0.252,0.256,0.004,10.0,3
367,126,87,1.0,0.26,0.896,0.636,7.0,3
368,147,88,10.0,0.0,0.252,0.252,10.0,3
369,148,88,5.0,0.256,0.264,0.008,5.0,3
370,149,88,10.0,0.268,0.404,0.136,10.0,3
371,150,88,5.0,0.408,1.384,0.976,5.0,3
372,155,89,5.0,0.0,0.228,0.228,4.0,3
373,156,89,10.0,0.232,0.236,0.004,10.0,3
374,157,89,2.0,0.24,0.268,0.028,5.0,3
375,159,89,5.0,0.276,0.452,0.176,4.0,3
376,161,89,2.0,0.46,0.768,0.308,5.0,3
377,176,90,10.0,0.0,0.168,0.168,10.0,3
378,177,90,9.0,0.172,0.324,0.152,2.0,3
379,179,90,6.0,0.332,0.512,0.18,3.0,3
380,180,90,10.0,0.516,0.52,0.004,10.0,3
381,181,90,3.0,0.524,0.916,0.392,1.0,3
382,194,91,5.0,0.0,0.34,0.34,4.0,3
383,195,91,10.0,0.344,0.348,0.004,10.0,3
384,197,91,3.0,0.356,0.872,0.516,1.0,3
385,215,92,5.0,0.0,0.248,0.248,4.0,3
386,216,92,6.0,0.252,0.74,0.488,1.0,3
387,231,93,4.0,0.0,0.272,0.272,7.0,3
388,232,93,10.0,0.276,0.28,0.004,10.0,3
389,233,93,7.0,0.284,0.46,0.176,9.0,3
390,234,93,10.0,0.464,0.468,0.004,10.0,3
391,235,93,5.0,0.472,0.704,0.2319999999999999,4.0,3
392,236,93,10.0,0.708,0.712,0.004,10.0,3
393,237,93,2.0,0.716,0.98,0.264,5.0,3
394,248,94,2.0,0.0,0.368,0.368,5.0,3
395,250,94,5.0,0.376,0.66,0.284,4.0,3
396,251,94,10.0,0.664,0.668,0.004,10.0,3
397,252,94,2.0,0.672,0.908,0.236,5.0,3
398,253,94,1.0,0.912,1.072,0.16,9.0,3
399,254,94,10.0,1.076,1.08,0.004,10.0,3
400,255,94,4.0,1.084,1.088,0.004,7.0,3
401,256,94,5.0,1.092,1.516,0.4239999999999999,4.0,3
402,278,95,5.0,0.0,4.0120000000000005,4.0120000000000005,4.0,3
403,279,96,5.0,0.0,0.24,0.24,5.0,3
404,280,96,10.0,0.244,0.252,0.008,10.0,3
405,281,96,8.0,0.256,0.648,0.392,4.0,3
406,298,97,4.0,0.0,0.284,0.284,8.0,3
407,299,97,10.0,0.288,0.296,0.0079999999999999,10.0,3
408,300,97,1.0,0.3,0.488,0.188,9.0,3
409,301,97,2.0,0.492,0.648,0.156,6.0,3
410,302,97,10.0,0.652,0.656,0.004,10.0,3
411,303,97,5.0,0.66,0.868,0.2079999999999999,4.0,3
412,304,97,10.0,0.872,0.88,0.008,10.0,3
413,305,97,2.0,0.884,1.056,0.172,6.0,3
414,307,97,1.0,1.064,1.16,0.0959999999999998,9.0,3
415,309,97,4.0,1.168,1.172,0.004,8.0,3
416,311,97,7.0,1.18,1.192,0.012,7.0,3
417,312,97,10.0,1.196,1.212,0.016,10.0,3
418,313,97,7.0,1.216,1.364,0.1480000000000001,7.0,3
419,314,97,10.0,1.368,1.38,0.012,10.0,3
420,316,97,10.0,1.388,1.4,0.012,10.0,3
421,341,98,4.0,0.0,0.068,0.068,8.0,3
422,342,98,10.0,0.072,0.08,0.0079999999999999,10.0,3
423,343,98,5.0,0.084,0.124,0.0399999999999999,4.0,3
424,344,98,10.0,0.128,0.136,0.008,10.0,3
425,346,98,10.0,0.144,0.148,0.0039999999999999,10.0,3
426,347,98,5.0,0.152,0.616,0.4639999999999999,4.0,3
427,348,98,10.0,0.62,0.624,0.004,10.0,3
428,349,98,2.0,0.628,0.992,0.364,6.0,3
429,359,99,4.0,0.0,0.328,0.328,7.0,3
430,360,99,5.0,0.332,0.336,0.004,6.0,3
431,361,99,10.0,0.34,0.416,0.076,10.0,3
432,362,99,2.0,0.42,0.872,0.452,5.0,3
433,383,100,10.0,0.0,0.248,0.248,10.0,3
434,384,100,5.0,0.252,0.256,0.004,4.0,3
435,385,100,10.0,0.26,0.264,0.004,10.0,3
436,386,100,8.0,0.268,1.396,1.128,5.0,3
437,399,101,5.0,0.0,1.308,1.308,4.0,3
438,410,102,5.0,0.0,0.64,0.64,4.0,3
439,435,103,7.0,0.0,0.164,0.164,9.0,3
440,436,103,10.0,0.168,0.176,0.0079999999999999,10.0,3
441,438,103,5.0,0.184,0.5680000000000001,0.384,4.0,3
442,439,103,10.0,0.5720000000000001,0.5760000000000001,0.004,10.0,3
443,440,103,2.0,0.58,0.904,0.324,6.0,3
444,491,104,10.0,0.0,0.164,0.164,10.0,3
445,492,104,4.0,0.168,0.856,0.688,9.0,3
446,504,105,4.0,0.0,0.076,0.076,9.0,3
447,506,105,5.0,0.084,0.628,0.544,4.0,3
448,507,105,10.0,0.632,0.636,0.004,10.0,3
449,508,105,2.0,0.64,0.888,0.248,5.0,3
450,526,106,1.0,0.0,0.284,0.284,8.0,3
451,528,106,4.0,0.292,0.312,0.02,7.0,3
452,529,106,10.0,0.316,0.552,0.236,10.0,3
453,530,106,4.0,0.556,0.768,0.2119999999999999,7.0,3
454,532,106,10.0,0.776,0.78,0.004,10.0,3
455,533,106,2.0,0.784,1.568,0.784,5.0,3
456,548,107,2.0,0.0,0.08,0.08,4.0,3
457,549,107,10.0,0.084,0.088,0.0039999999999999,10.0,3
458,550,107,4.0,0.092,0.504,0.412,7.0,3
459,554,107,5.0,0.52,0.58,0.0599999999999999,6.0,3
460,555,107,10.0,0.584,0.612,0.028,10.0,3
461,556,107,5.0,0.616,0.62,0.004,6.0,3
462,557,107,10.0,0.624,0.628,0.004,10.0,3
463,558,107,2.0,0.632,0.712,0.0799999999999999,4.0,3
464,559,107,10.0,0.716,0.72,0.004,10.0,3
465,560,107,5.0,0.724,4.0120000000000005,3.2880000000000003,6.0,3
466,561,108,5.0,0.0,0.896,0.896,4.0,3
467,577,109,4.0,0.0,0.584,0.584,7.0,3
468,586,110,8.0,0.0,0.168,0.168,4.0,3
469,587,110,10.0,0.172,0.188,0.0159999999999999,10.0,3
470,588,110,5.0,0.192,0.432,0.24,5.0,3
471,589,110,10.0,0.436,0.452,0.016,10.0,3
472,590,110,3.0,0.456,0.6960000000000001,0.24,3.0,3
473,625,111,10.0,0.0,0.156,0.156,10.0,3
474,626,111,5.0,0.16,0.176,0.0159999999999999,6.0,3
475,627,111,10.0,0.18,0.62,0.44,10.0,3
476,628,111,6.0,0.624,0.632,0.008,2.0,3
477,629,111,10.0,0.636,0.64,0.004,10.0,3
478,630,111,9.0,0.644,0.868,0.2239999999999999,3.0,3
479,631,111,8.0,0.872,0.876,0.004,4.0,3
480,632,111,10.0,0.88,1.156,0.2759999999999999,10.0,3
481,633,111,8.0,1.16,1.464,0.304,4.0,3
482,634,111,7.0,1.468,2.708,1.2400000000000002,8.0,3
483,649,112,5.0,0.0,0.6,0.6,6.0,3
484,666,113,5.0,0.0,0.88,0.88,5.0,3
485,682,114,4.0,0.0,0.376,0.376,7.0,3
486,684,114,5.0,0.384,0.392,0.008,6.0,3
487,685,114,10.0,0.396,0.4,0.004,10.0,3
488,686,114,5.0,0.404,0.412,0.008,6.0,3
489,687,114,10.0,0.416,0.444,0.0279999999999999,10.0,3
490,689,114,10.0,0.452,0.456,0.004,10.0,3
491,690,114,5.0,0.46,0.62,0.1599999999999999,6.0,3
492,692,114,8.0,0.628,0.636,0.008,5.0,3
493,693,114,10.0,0.64,0.648,0.008,10.0,3
494,694,114,8.0,0.652,3.6,2.948,5.0,3
495,701,115,10.0,0.0,0.536,0.536,10.0,3
496,713,116,10.0,0.0,0.6,0.6,10.0,3
497,714,116,2.0,0.604,0.632,0.028,5.0,3
498,715,116,10.0,0.636,0.64,0.004,10.0,3
499,716,116,5.0,0.644,1.012,0.368,4.0,3
500,734,117,4.0,0.0,1.08,1.08,8.0,3
501,735,117,5.0,1.084,1.284,0.1999999999999999,6.0,3
502,739,118,4.0,0.0,1.032,1.032,8.0,3
503,764,119,4.0,0.0,0.604,0.604,8.0,3
504,801,120,1.0,0.0,0.272,0.272,7.0,3
505,802,120,10.0,0.276,0.28,0.004,10.0,3
506,804,120,5.0,0.288,0.528,0.24,6.0,3
507,805,120,10.0,0.532,0.536,0.004,10.0,3
508,806,120,2.0,0.54,0.812,0.272,4.0,3
509,808,120,5.0,0.8200000000000001,1.464,0.6439999999999999,6.0,3
510,0,121,5.0,0.0,0.464,0.464,4.0,4
511,1,121,10.0,0.468,0.476,0.008,10.0,4
512,2,121,8.0,0.48,0.492,0.012,6.0,4
513,3,121,10.0,0.496,0.504,0.008,10.0,4
514,4,121,8.0,0.508,0.648,0.14,6.0,4
515,5,121,10.0,0.652,0.656,0.004,10.0,4
516,6,121,5.0,0.66,2.348,1.6879999999999995,4.0,4
517,19,122,4.0,0.0,0.068,0.068,9.0,4
518,20,122,10.0,0.072,0.076,0.0039999999999999,10.0,4
519,21,122,4.0,0.08,0.26,0.18,9.0,4
520,22,122,5.0,0.264,0.268,0.004,6.0,4
521,23,122,10.0,0.272,0.276,0.004,10.0,4
522,24,122,5.0,0.28,2.372,2.092,6.0,4
523,40,123,8.0,0.0,0.516,0.516,6.0,4
524,41,123,10.0,0.52,0.524,0.004,10.0,4
525,42,123,5.0,0.528,0.532,0.004,5.0,4
526,44,123,2.0,0.54,0.808,0.268,4.0,4
527,46,123,5.0,0.8160000000000001,1.164,0.3479999999999998,5.0,4
528,47,123,4.0,1.168,1.496,0.328,8.0,4
529,76,124,4.0,0.0,0.26,0.26,9.0,4
530,77,124,10.0,0.264,0.268,0.004,10.0,4
531,78,124,7.0,0.272,0.284,0.012,8.0,4
532,79,124,10.0,0.288,0.32,0.0319999999999999,10.0,4
533,80,124,7.0,0.324,0.404,0.08,8.0,4
534,81,124,10.0,0.408,0.412,0.004,10.0,4
535,82,124,4.0,0.416,0.42,0.0039999999999999,9.0,4
536,84,124,1.0,0.428,0.744,0.316,7.0,4
537,85,124,2.0,0.748,1.02,0.272,4.0,4
538,87,124,5.0,1.028,1.036,0.008,5.0,4
539,89,124,10.0,1.044,1.048,0.004,10.0,4
540,90,124,4.0,1.052,1.532,0.48,9.0,4
541,103,125,10.0,0.0,0.072,0.072,10.0,4
542,104,125,1.0,0.076,0.08,0.004,8.0,4
543,105,125,10.0,0.084,0.268,0.184,10.0,4
544,106,125,2.0,0.272,0.276,0.004,6.0,4
545,107,125,3.0,0.28,0.584,0.3039999999999999,1.0,4
546,108,125,2.0,0.588,0.856,0.268,6.0,4
547,109,125,10.0,0.86,0.948,0.088,10.0,4
548,110,125,4.0,0.952,1.24,0.2879999999999999,7.0,4
549,111,125,10.0,1.244,1.248,0.004,10.0,4
550,112,125,7.0,1.252,1.26,0.008,9.0,4
551,113,125,10.0,1.264,1.284,0.02,10.0,4
552,114,125,7.0,1.288,1.648,0.3600000000000001,9.0,4
553,127,126,2.0,0.004,0.008,0.004,5.0,4
554,128,126,10.0,0.012,0.036,0.024,10.0,4
555,129,126,3.0,0.04,0.472,0.432,2.0,4
556,130,126,2.0,0.476,0.704,0.2279999999999999,5.0,4
557,131,126,1.0,0.708,2.316,1.608,9.0,4
558,142,127,5.0,0.0,0.284,0.284,4.0,4
559,144,127,8.0,0.292,0.86,0.5680000000000001,5.0,4
560,164,128,4.0,0.0,0.196,0.196,9.0,4
561,166,128,5.0,0.204,0.208,0.004,5.0,4
562,167,128,10.0,0.212,0.264,0.052,10.0,4
563,168,128,5.0,0.268,4.0120000000000005,3.7440000000000007,5.0,4
564,169,129,5.0,0.0,0.74,0.74,5.0,4
565,189,130,4.0,0.0,0.144,0.144,9.0,4
566,190,130,10.0,0.148,0.18,0.032,10.0,4
567,191,130,5.0,0.184,0.276,0.092,4.0,4
568,193,130,10.0,0.284,0.288,0.004,10.0,4
569,194,130,7.0,0.292,0.332,0.04,8.0,4
570,195,130,10.0,0.336,0.36,0.0239999999999999,10.0,4
571,196,130,5.0,0.364,0.372,0.008,4.0,4
572,197,130,10.0,0.376,0.744,0.368,10.0,4
573,198,130,5.0,0.748,1.128,0.3800000000000001,4.0,4
574,200,130,2.0,1.136,1.312,0.1759999999999999,6.0,4
575,202,130,5.0,1.32,1.68,0.3599999999999999,4.0,4
576,221,131,4.0,0.0,0.08,0.08,8.0,4
577,222,131,10.0,0.084,0.232,0.148,10.0,4
578,223,131,5.0,0.236,0.256,0.0199999999999999,4.0,4
579,224,131,10.0,0.26,0.264,0.004,10.0,4
580,225,131,2.0,0.268,0.584,0.3159999999999999,6.0,4
581,226,131,1.0,0.588,0.62,0.032,7.0,4
582,228,131,2.0,0.628,0.944,0.316,6.0,4
583,256,132,7.0,0.0,0.276,0.276,9.0,4
584,258,132,5.0,0.284,0.292,0.0079999999999999,4.0,4
585,260,132,2.0,0.3,0.544,0.244,5.0,4
586,262,132,5.0,0.552,0.716,0.1639999999999999,4.0,4
587,263,132,4.0,0.72,0.944,0.2240000000000001,8.0,4
588,264,132,5.0,0.948,1.24,0.2919999999999999,4.0,4
589,265,132,10.0,1.244,1.248,0.004,10.0,4
590,266,132,7.0,1.252,1.28,0.028,9.0,4
591,267,132,10.0,1.284,1.652,0.3680000000000001,10.0,4
592,272,133,5.0,0.0,0.32,0.32,4.0,4
593,273,133,6.0,0.324,0.66,0.336,3.0,4
594,274,133,10.0,0.664,0.668,0.004,10.0,4
595,275,133,9.0,0.672,1.144,0.4720000000000001,1.0,4
596,294,134,5.0,0.0,0.268,0.268,4.0,4
597,295,134,10.0,0.272,0.276,0.004,10.0,4
598,296,134,2.0,0.28,0.324,0.0439999999999999,6.0,4
599,298,134,5.0,0.332,3.3040000000000003,2.9720000000000004,4.0,4
600,307,135,7.0,0.0,0.22,0.22,9.0,4
601,308,135,10.0,0.224,0.228,0.004,10.0,4
602,309,135,4.0,0.232,0.24,0.0079999999999999,8.0,4
603,311,135,1.0,0.248,0.444,0.196,7.0,4
604,313,135,4.0,0.452,0.456,0.004,8.0,4
605,315,135,7.0,0.464,0.472,0.008,9.0,4
606,316,135,10.0,0.476,0.496,0.0199999999999999,10.0,4
607,317,135,7.0,0.5,2.388,1.888,9.0,4
608,332,136,1.0,0.0,0.296,0.296,8.0,4
609,334,136,4.0,0.304,0.312,0.008,9.0,4
610,336,136,7.0,0.32,0.648,0.328,7.0,4
611,337,136,10.0,0.652,0.656,0.004,10.0,4
612,338,136,4.0,0.66,0.936,0.276,9.0,4
613,340,136,7.0,0.944,1.236,0.2919999999999999,7.0,4
614,347,137,7.0,0.0,0.216,0.216,8.0,4
615,348,137,10.0,0.22,0.224,0.004,10.0,4
616,349,137,5.0,0.228,0.236,0.008,5.0,4
617,351,137,2.0,0.244,3.332,3.088,4.0,4
618,359,138,10.0,0.0,0.204,0.204,10.0,4
619,360,138,8.0,0.208,0.8320000000000001,0.6240000000000001,4.0,4
620,379,139,1.0,0.0,0.376,0.376,8.0,4
621,380,139,2.0,0.38,0.656,0.276,6.0,4
622,382,139,5.0,0.664,0.6880000000000001,0.024,5.0,4
623,383,139,10.0,0.6920000000000001,0.76,0.0679999999999999,10.0,4
624,384,139,5.0,0.764,0.78,0.016,5.0,4
625,385,139,10.0,0.784,0.8,0.016,10.0,4
626,386,139,4.0,0.804,1.624,0.8200000000000001,9.0,4
627,391,140,6.0,0.0,0.1,0.1,1.0,4
628,392,140,5.0,0.104,0.28,0.176,5.0,4
629,395,140,1.0,0.292,0.872,0.5800000000000001,9.0,4
630,413,141,2.0,0.0,0.076,0.076,6.0,4
631,415,141,4.0,0.084,0.092,0.0079999999999999,9.0,4
632,416,141,10.0,0.096,0.1,0.004,10.0,4
633,417,141,7.0,0.104,0.348,0.244,8.0,4
634,418,141,8.0,0.352,0.36,0.008,4.0,4
635,419,141,10.0,0.364,0.38,0.016,10.0,4
636,420,141,8.0,0.384,1.064,0.68,4.0,4
637,451,142,10.0,0.012,0.024,0.012,10.0,4
638,452,142,6.0,0.028,0.032,0.004,3.0,4
639,453,142,5.0,0.036,0.04,0.0039999999999999,6.0,4
640,454,142,4.0,0.044,0.048,0.004,8.0,4
641,455,142,10.0,0.052,0.328,0.276,10.0,4
642,456,142,4.0,0.332,0.348,0.016,8.0,4
643,457,142,10.0,0.352,1.024,0.672,10.0,4
644,464,143,2.0,0.0,0.972,0.972,6.0,4
645,476,144,6.0,0.0,0.096,0.096,3.0,4
646,477,144,5.0,0.1,0.304,0.204,4.0,4
647,478,144,4.0,0.308,0.968,0.6599999999999999,7.0,4
648,479,144,5.0,0.972,1.284,0.312,4.0,4
649,491,145,4.0,0.0,1.224,1.224,7.0,4
650,506,146,5.0,0.0,0.536,0.536,5.0,4
651,508,146,10.0,0.544,0.5640000000000001,0.02,10.0,4
652,509,146,6.0,0.5680000000000001,1.064,0.496,3.0,4
653,519,147,9.0,0.0,1.028,1.028,3.0,4
654,532,148,5.0,0.0,0.108,0.108,5.0,4
655,533,148,4.0,0.112,0.216,0.104,7.0,4
656,536,148,10.0,0.228,0.236,0.008,10.0,4
657,537,148,10.0,0.3,0.312,0.012,10.0,4
658,538,148,6.0,0.316,0.32,0.004,3.0,4
659,539,148,5.0,0.324,0.332,0.008,5.0,4
660,540,148,4.0,0.336,0.988,0.6519999999999999,7.0,4
661,554,149,10.0,0.0,0.244,0.244,10.0,4
662,555,149,5.0,0.248,0.496,0.248,4.0,4
663,556,149,10.0,0.5,0.504,0.004,10.0,4
664,557,149,7.0,0.508,0.8280000000000001,0.32,9.0,4
665,558,149,8.0,0.8320000000000001,0.848,0.0159999999999999,6.0,4
666,559,149,10.0,0.852,0.86,0.008,10.0,4
667,560,149,5.0,0.864,1.12,0.2560000000000001,4.0,4
668,583,150,2.0,0.0,0.224,0.224,4.0,4
669,584,150,10.0,0.228,0.232,0.004,10.0,4
670,585,150,4.0,0.236,0.404,0.168,9.0,4
671,586,150,10.0,0.408,0.456,0.0479999999999999,10.0,4
672,587,150,4.0,0.46,0.524,0.064,9.0,4
673,588,150,10.0,0.528,0.532,0.004,10.0,4
674,589,150,5.0,0.536,0.644,0.1079999999999999,5.0,4
675,590,150,4.0,0.648,0.652,0.004,9.0,4
676,591,150,5.0,0.656,1.0,0.344,5.0,4
677,592,150,10.0,1.004,1.032,0.028,10.0,4
678,593,150,5.0,1.036,1.72,0.6839999999999999,5.0,4
679,602,151,5.0,0.0,0.98,0.98,4.0,4
680,632,152,10.0,0.084,0.1,0.016,10.0,4
681,633,152,9.0,0.104,0.112,0.0079999999999999,2.0,4
682,634,152,8.0,0.116,0.124,0.0079999999999999,4.0,4
683,635,152,10.0,0.128,0.312,0.184,10.0,4
684,636,152,4.0,0.316,0.5680000000000001,0.252,7.0,4
685,643,153,2.0,0.0,0.024,0.024,4.0,4
686,644,153,10.0,0.028,0.032,0.004,10.0,4
687,645,153,5.0,0.036,1.008,0.972,5.0,4
688,660,154,8.0,0.0,0.072,0.072,4.0,4
689,661,154,10.0,0.076,0.084,0.008,10.0,4
690,662,154,5.0,0.088,0.976,0.888,6.0,4
691,665,155,10.0,0.0,0.008,0.008,10.0,4
692,666,155,10.0,0.092,0.112,0.02,10.0,4
693,669,155,8.0,0.124,0.128,0.004,4.0,4
694,670,155,10.0,0.132,1.004,0.872,10.0,4
695,674,156,8.0,0.0,0.004,0.004,4.0,4
696,675,156,9.0,0.008,0.012,0.004,2.0,4
697,676,156,10.0,0.016,0.02,0.004,10.0,4
698,677,156,10.0,0.14,0.152,0.0119999999999999,10.0,4
699,678,156,9.0,0.156,0.16,0.004,2.0,4
700,680,156,8.0,0.168,0.172,0.004,4.0,4
701,681,156,7.0,0.176,0.704,0.528,9.0,4
702,691,157,4.0,0.0,0.372,0.372,7.0,4
703,692,157,5.0,0.376,1.236,0.86,4.0,4
704,701,158,2.0,0.0,0.028,0.028,5.0,4
705,702,158,10.0,0.032,0.588,0.5559999999999999,10.0,4
706,703,158,5.0,0.592,0.604,0.012,4.0,4
707,705,158,4.0,0.612,0.616,0.004,7.0,4
708,706,158,10.0,0.62,0.628,0.008,10.0,4
709,707,158,7.0,0.632,1.136,0.5040000000000001,8.0,4
710,721,159,5.0,0.0,0.012,0.012,4.0,4
711,723,159,5.0,0.02,0.484,0.4639999999999999,4.0,4
712,724,159,10.0,0.488,0.496,0.008,10.0,4
713,725,159,2.0,0.5,0.708,0.2079999999999999,6.0,4
714,726,159,10.0,0.712,0.716,0.004,10.0,4
715,727,159,5.0,0.72,1.12,0.4000000000000001,4.0,4
716,748,160,5.0,0.0,0.544,0.544,5.0,4
717,749,160,10.0,0.548,0.552,0.004,10.0,4
718,750,160,2.0,0.556,0.984,0.4279999999999999,4.0,4
719,752,160,5.0,0.992,1.556,0.5640000000000001,5.0,4
720,0,161,5.0,0.0,0.304,0.304,5.0,5
721,2,161,2.0,0.312,0.852,0.54,6.0,5
722,22,162,2.0,0.0,0.004,0.004,6.0,5
723,23,162,10.0,0.008,0.356,0.348,10.0,5
724,24,162,2.0,0.36,0.388,0.028,6.0,5
725,40,163,10.0,0.004,0.008,0.004,10.0,5
726,41,163,7.0,0.012,0.268,0.256,8.0,5
727,42,163,10.0,0.272,0.348,0.076,10.0,5
728,43,163,7.0,0.352,0.528,0.176,8.0,5
729,44,163,8.0,0.532,0.868,0.3359999999999999,4.0,5
730,75,164,6.0,0.0,0.424,0.424,1.0,5
731,76,164,5.0,0.428,0.804,0.376,4.0,5
732,91,165,5.0,0.0,0.3,0.3,4.0,5
733,92,165,10.0,0.304,0.308,0.004,10.0,5
734,93,165,2.0,0.312,4.008,3.696,5.0,5
735,94,166,2.0,0.0,0.212,0.212,6.0,5
736,96,166,5.0,0.22,0.228,0.008,5.0,5
737,97,166,10.0,0.232,0.236,0.004,10.0,5
738,98,166,8.0,0.24,0.352,0.1119999999999999,4.0,5
739,99,166,9.0,0.356,0.36,0.004,3.0,5
740,101,166,7.0,0.524,0.58,0.0559999999999999,7.0,5
741,106,166,10.0,0.712,0.72,0.008,10.0,5
742,107,166,10.0,0.728,0.744,0.016,10.0,5
743,108,166,4.0,0.748,1.268,0.52,8.0,5
744,111,167,5.0,0.0,2.928,2.928,6.0,5
745,119,168,10.0,0.0,0.896,0.896,10.0,5
746,120,168,5.0,0.9,2.46,1.56,4.0,5
747,129,169,5.0,0.0,0.264,0.264,5.0,5
748,130,169,10.0,0.268,0.272,0.004,10.0,5
749,131,169,8.0,0.276,0.288,0.012,4.0,5
750,132,169,10.0,0.292,0.3,0.008,10.0,5
751,133,169,8.0,0.304,0.6960000000000001,0.392,4.0,5
752,147,170,5.0,0.0,0.24,0.24,6.0,5
753,148,170,10.0,0.244,0.248,0.004,10.0,5
754,149,170,2.0,0.252,0.416,0.164,4.0,5
755,150,170,10.0,0.42,0.424,0.004,10.0,5
756,151,170,5.0,0.428,0.436,0.008,6.0,5
757,152,170,10.0,0.44,0.452,0.012,10.0,5
758,153,170,5.0,0.456,0.712,0.2559999999999999,6.0,5
759,155,170,10.0,0.72,0.724,0.004,10.0,5
760,156,170,10.0,0.812,0.856,0.0439999999999999,10.0,5
761,157,170,1.0,0.86,0.872,0.012,7.0,5
762,159,170,2.0,0.88,1.424,0.5439999999999999,4.0,5
763,174,171,7.0,0.0,0.28,0.28,7.0,5
764,175,171,10.0,0.284,0.288,0.004,10.0,5
765,176,171,4.0,0.292,0.304,0.012,9.0,5
766,177,171,10.0,0.308,0.468,0.16,10.0,5
767,178,171,1.0,0.472,2.312,1.84,8.0,5
768,190,172,5.0,0.0,0.736,0.736,4.0,5
769,209,173,5.0,0.0,0.244,0.244,5.0,5
770,210,173,10.0,0.248,0.252,0.004,10.0,5
771,211,173,8.0,0.256,0.4,0.144,4.0,5
772,212,173,10.0,0.404,0.408,0.004,10.0,5
773,213,173,5.0,0.412,0.416,0.004,5.0,5
774,215,173,2.0,0.424,3.1,2.676,6.0,5
775,228,174,5.0,0.0,0.26,0.26,4.0,5
776,229,174,10.0,0.264,0.268,0.004,10.0,5
777,230,174,2.0,0.272,0.628,0.356,5.0,5
778,231,174,10.0,0.632,0.636,0.004,10.0,5
779,232,174,5.0,0.64,0.652,0.012,4.0,5
780,233,174,10.0,0.656,0.664,0.008,10.0,5
781,234,174,5.0,0.668,0.892,0.2239999999999999,4.0,5
782,248,175,5.0,0.0,0.308,0.308,4.0,5
783,249,175,10.0,0.312,0.32,0.008,10.0,5
784,250,175,2.0,0.324,0.504,0.18,5.0,5
785,251,175,10.0,0.508,0.516,0.008,10.0,5
786,252,175,10.0,0.616,0.628,0.012,10.0,5
787,253,175,3.0,0.632,0.636,0.004,2.0,5
788,254,175,2.0,0.64,0.648,0.008,5.0,5
789,255,175,1.0,0.652,0.672,0.02,8.0,5
790,256,175,2.0,0.676,0.852,0.1759999999999999,5.0,5
791,258,175,5.0,0.86,0.872,0.012,4.0,5
792,259,175,10.0,0.876,0.88,0.004,10.0,5
793,260,175,4.0,0.884,0.932,0.048,9.0,5
794,261,175,10.0,0.936,0.944,0.008,10.0,5
795,262,175,5.0,0.948,1.064,0.1159999999999999,4.0,5
796,263,175,10.0,1.068,1.072,0.004,10.0,5
797,264,175,8.0,1.076,1.084,0.008,6.0,5
798,265,175,10.0,1.088,1.1,0.012,10.0,5
799,266,175,8.0,1.104,1.212,0.1079999999999998,6.0,5
800,267,175,10.0,1.216,1.224,0.008,10.0,5
801,268,175,5.0,1.228,1.464,0.236,4.0,5
802,281,176,6.0,0.0,0.4,0.4,2.0,5
803,283,176,10.0,0.504,0.516,0.012,10.0,5
804,284,176,6.0,0.52,0.532,0.012,2.0,5
805,285,176,5.0,0.54,0.584,0.0439999999999999,6.0,5
806,286,176,10.0,0.588,0.648,0.06,10.0,5
807,287,176,5.0,0.652,0.66,0.008,6.0,5
808,289,176,6.0,0.668,0.924,0.256,2.0,5
809,301,177,5.0,0.0,0.288,0.288,4.0,5
810,302,177,10.0,0.292,0.296,0.004,10.0,5
811,303,177,2.0,0.3,2.736,2.4360000000000004,5.0,5
812,308,178,10.0,0.0,0.224,0.224,10.0,5
813,309,178,2.0,0.228,0.496,0.268,5.0,5
814,311,178,5.0,0.504,0.672,0.168,4.0,5
815,313,178,8.0,0.68,0.6880000000000001,0.008,6.0,5
816,314,178,10.0,0.6920000000000001,0.704,0.0119999999999999,10.0,5
817,315,178,8.0,0.708,2.428,1.72,6.0,5
818,325,179,5.0,0.0,0.52,0.52,4.0,5
819,326,179,10.0,0.524,0.528,0.004,10.0,5
820,327,179,8.0,0.532,0.796,0.264,6.0,5
821,328,179,7.0,0.8,0.968,0.1679999999999999,9.0,5
822,347,180,10.0,0.0,0.24,0.24,10.0,5
823,348,180,8.0,0.244,0.472,0.228,4.0,5
824,349,180,10.0,0.476,0.48,0.0039999999999999,10.0,5
825,350,180,5.0,0.484,0.812,0.328,6.0,5
826,356,181,2.0,0.0,0.5,0.5,5.0,5
827,358,181,1.0,0.508,0.72,0.2119999999999999,8.0,5
828,359,181,2.0,0.724,0.728,0.004,5.0,5
829,361,181,10.0,0.736,0.74,0.004,10.0,5
830,380,182,2.0,0.0,0.908,0.908,6.0,5
831,399,183,5.0,0.0,0.768,0.768,4.0,5
832,410,184,8.0,0.0,0.732,0.732,4.0,5
833,429,185,2.0,0.0,0.74,0.74,4.0,5
834,447,186,4.0,0.0,0.132,0.132,8.0,5
835,448,186,5.0,0.136,0.192,0.0559999999999999,6.0,5
836,449,186,10.0,0.196,0.2,0.004,10.0,5
837,450,186,6.0,0.204,0.216,0.0119999999999999,2.0,5
838,451,186,10.0,0.22,0.248,0.0279999999999999,10.0,5
839,452,186,5.0,0.252,0.424,0.172,6.0,5
840,453,186,10.0,0.428,0.46,0.032,10.0,5
841,454,186,6.0,0.464,0.484,0.0199999999999999,2.0,5
842,455,186,10.0,0.488,0.492,0.004,10.0,5
843,472,187,3.0,0.0,0.848,0.848,1.0,5
844,473,187,10.0,0.852,0.856,0.004,10.0,5
845,474,187,6.0,0.86,0.864,0.004,2.0,5
846,475,187,5.0,0.868,1.004,0.136,5.0,5
847,476,187,10.0,1.008,1.04,0.032,10.0,5
848,477,187,10.0,1.188,1.208,0.02,10.0,5
849,493,188,7.0,0.228,0.76,0.532,9.0,5
850,494,188,10.0,0.764,0.776,0.012,10.0,5
851,495,188,5.0,0.78,1.184,0.4039999999999999,5.0,5
852,525,189,2.0,0.0,0.292,0.292,5.0,5
853,526,189,1.0,0.296,0.516,0.22,9.0,5
854,527,189,2.0,0.52,1.16,0.6399999999999999,5.0,5
855,559,190,10.0,0.084,0.116,0.032,10.0,5
856,560,190,4.0,0.148,0.156,0.008,8.0,5
857,561,190,5.0,0.16,1.772,1.612,5.0,5
858,566,191,10.0,0.0,0.008,0.008,10.0,5
859,567,191,10.0,0.148,0.168,0.02,10.0,5
860,568,191,10.0,0.192,0.2,0.008,10.0,5
861,569,191,5.0,0.204,0.228,0.0239999999999999,4.0,5
862,570,191,6.0,0.232,0.412,0.18,3.0,5
863,571,191,5.0,0.416,1.868,1.452,4.0,5
864,589,192,3.0,0.0,0.252,0.252,3.0,5
865,590,192,2.0,0.256,0.772,0.516,6.0,5
866,591,192,10.0,0.776,0.78,0.004,10.0,5
867,592,192,5.0,0.784,0.796,0.012,4.0,5
868,593,192,10.0,0.8,0.804,0.004,10.0,5
869,594,192,8.0,0.808,0.928,0.12,5.0,5
870,618,193,2.0,0.0,0.892,0.892,4.0,5
871,619,193,10.0,0.896,0.9,0.004,10.0,5
872,620,193,10.0,1.004,1.052,0.048,10.0,5
873,621,193,1.0,1.056,1.076,0.02,8.0,5
874,622,193,2.0,1.08,1.816,0.736,4.0,5
875,627,194,8.0,0.0,0.808,0.808,4.0,5
876,638,195,2.0,0.0,0.704,0.704,4.0,5
877,679,196,9.0,0.0,0.004,0.004,1.0,5
878,680,196,10.0,0.008,0.016,0.008,10.0,5
879,681,196,10.0,0.196,0.2,0.004,10.0,5
880,682,196,8.0,0.204,1.008,0.804,6.0,5
881,699,197,6.0,0.0,0.096,0.096,3.0,5
882,700,197,5.0,0.1,0.352,0.252,5.0,5
883,701,197,4.0,0.356,0.78,0.424,7.0,5
884,703,197,10.0,0.788,0.804,0.016,10.0,5
885,710,198,8.0,0.0,0.408,0.408,6.0,5
886,711,198,9.0,0.412,0.62,0.2079999999999999,2.0,5
887,712,198,8.0,0.624,0.764,0.14,6.0,5
888,714,198,10.0,0.772,0.776,0.004,10.0,5
889,715,198,7.0,0.912,0.96,0.0479999999999999,7.0,5
890,716,198,10.0,0.964,0.98,0.016,10.0,5
891,717,198,8.0,0.984,1.736,0.752,6.0,5
892,724,199,5.0,0.0,1.812,1.812,6.0,5
893,727,200,2.0,0.0,0.772,0.772,6.0,5
894,0,201,5.0,0.0,0.364,0.364,4.0,6
895,2,201,2.0,0.372,1.056,0.684,5.0,6
896,27,202,2.0,0.0,4.008,4.008,5.0,6
897,28,203,2.0,0.0,0.108,0.108,5.0,6
898,29,203,10.0,0.112,0.208,0.096,10.0,6
899,30,203,6.0,0.212,0.288,0.076,1.0,6
900,31,203,10.0,0.292,0.396,0.104,10.0,6
901,32,203,9.0,0.4,0.416,0.016,2.0,6
902,34,203,9.0,0.424,0.5760000000000001,0.152,2.0,6
903,65,204,5.0,0.0,0.24,0.24,5.0,6
904,66,204,6.0,0.244,0.36,0.1159999999999999,3.0,6
905,67,204,10.0,0.364,0.372,0.008,10.0,6
906,68,204,9.0,0.376,0.804,0.428,2.0,6
907,85,205,4.0,0.0,0.216,0.216,9.0,6
908,87,205,1.0,0.224,0.376,0.152,7.0,6
909,89,205,4.0,0.384,0.392,0.008,9.0,6
910,90,205,10.0,0.396,0.608,0.2119999999999999,10.0,6
911,91,205,4.0,0.612,0.848,0.236,9.0,6
912,116,206,4.0,0.0,0.392,0.392,8.0,6
913,117,206,10.0,0.396,0.42,0.0239999999999999,10.0,6
914,118,206,5.0,0.424,0.456,0.032,6.0,6
915,119,206,10.0,0.46,0.464,0.004,10.0,6
916,120,206,2.0,0.468,3.496,3.028,5.0,6
917,124,207,6.0,0.0,0.288,0.288,3.0,6
918,125,207,10.0,0.292,0.296,0.004,10.0,6
919,126,207,9.0,0.3,0.808,0.508,1.0,6
920,140,208,5.0,0.0,0.304,0.304,4.0,6
921,142,208,10.0,0.312,0.32,0.008,10.0,6
922,143,208,3.0,0.324,0.708,0.3839999999999999,1.0,6
923,158,209,5.0,0.0,0.26,0.26,5.0,6
924,159,209,10.0,0.264,0.284,0.02,10.0,6
925,160,209,6.0,0.288,0.436,0.1479999999999999,3.0,6
926,161,209,10.0,0.44,0.444,0.004,10.0,6
927,162,209,3.0,0.448,0.6960000000000001,0.248,1.0,6
928,188,210,10.0,0.0,0.232,0.232,10.0,6
929,189,210,5.0,0.236,0.248,0.0119999999999999,4.0,6
930,191,210,2.0,0.256,2.032,1.776,6.0,6
931,207,211,5.0,0.004,0.008,0.004,5.0,6
932,208,211,10.0,0.012,0.036,0.024,10.0,6
933,209,211,5.0,0.04,0.344,0.304,5.0,6
934,210,211,10.0,0.348,0.44,0.0919999999999999,10.0,6
935,211,211,2.0,0.444,0.864,0.42,4.0,6
936,213,211,5.0,0.872,1.744,0.872,5.0,6
937,240,212,5.0,0.0,0.6920000000000001,0.6920000000000001,5.0,6
938,241,212,4.0,0.6960000000000001,0.972,0.2759999999999999,7.0,6
939,253,213,10.0,0.0,0.264,0.264,10.0,6
940,254,213,5.0,0.268,0.292,0.0239999999999999,4.0,6
941,255,213,10.0,0.296,0.348,0.052,10.0,6
942,256,213,6.0,0.352,0.416,0.064,3.0,6
943,257,213,10.0,0.42,0.424,0.004,10.0,6
944,258,213,9.0,0.428,0.512,0.084,2.0,6
945,259,213,8.0,0.516,0.592,0.0759999999999999,5.0,6
946,260,213,10.0,0.596,0.6,0.004,10.0,6
947,261,213,5.0,0.604,1.168,0.564,4.0,6
948,278,214,2.0,0.0,0.264,0.264,6.0,6
949,282,214,6.0,0.28,0.736,0.4559999999999999,2.0,6
950,300,215,5.0,0.0,0.944,0.944,5.0,6
951,301,215,10.0,0.948,0.956,0.008,10.0,6
952,302,215,9.0,0.96,0.984,0.024,2.0,6
953,303,215,10.0,0.988,1.004,0.016,10.0,6
954,304,215,5.0,1.008,1.176,0.1679999999999999,5.0,6
955,305,215,10.0,1.18,1.184,0.004,10.0,6
956,329,216,4.0,0.0,0.032,0.032,9.0,6
957,330,216,10.0,0.036,0.068,0.032,10.0,6
958,331,216,5.0,0.072,3.256,3.184,5.0,6
959,339,217,4.0,0.0,0.232,0.232,8.0,6
960,340,217,10.0,0.236,0.24,0.0039999999999999,10.0,6
961,341,217,7.0,0.244,0.7000000000000001,0.456,7.0,6
962,378,218,5.0,0.0,0.468,0.468,6.0,6
963,380,218,2.0,0.476,1.636,1.16,5.0,6
964,386,219,5.0,0.0,0.028,0.028,6.0,6
965,388,219,4.0,0.036,0.072,0.036,7.0,6
966,389,219,10.0,0.076,0.104,0.028,10.0,6
967,391,219,10.0,0.112,0.128,0.016,10.0,6
968,392,219,4.0,0.132,0.164,0.032,7.0,6
969,393,219,10.0,0.168,0.228,0.06,10.0,6
970,394,219,5.0,0.232,0.352,0.1199999999999999,6.0,6
971,395,219,10.0,0.356,0.36,0.004,10.0,6
972,396,219,5.0,0.364,0.44,0.076,6.0,6
973,405,220,4.0,0.0,0.416,0.416,7.0,6
974,408,220,10.0,0.428,0.436,0.008,10.0,6
975,409,220,10.0,0.484,0.496,0.012,10.0,6
976,410,220,5.0,0.5,0.504,0.004,6.0,6
977,411,220,10.0,0.508,0.672,0.164,10.0,6
978,412,220,4.0,0.676,0.712,0.0359999999999999,7.0,6
979,413,220,10.0,0.716,0.724,0.008,10.0,6
980,414,220,4.0,0.728,0.848,0.12,7.0,6
981,416,220,1.0,0.856,1.26,0.404,8.0,6
982,440,221,10.0,0.0,0.092,0.092,10.0,6
983,441,221,10.0,0.224,0.244,0.0199999999999999,10.0,6
984,442,221,5.0,0.248,0.252,0.004,6.0,6
985,443,221,10.0,0.256,0.42,0.1639999999999999,10.0,6
986,444,221,4.0,0.424,1.028,0.6040000000000001,9.0,6
987,445,221,5.0,1.032,1.22,0.1879999999999999,6.0,6
988,447,221,4.0,1.228,1.648,0.4200000000000001,9.0,6
989,478,222,10.0,0.016,0.036,0.02,10.0,6
990,479,222,6.0,0.04,0.048,0.008,2.0,6
991,480,222,5.0,0.052,0.064,0.0119999999999999,5.0,6
992,481,222,4.0,0.068,0.104,0.036,8.0,6
993,483,222,5.0,0.112,0.308,0.196,5.0,6
994,485,222,4.0,0.316,0.884,0.5680000000000001,8.0,6
995,502,223,5.0,0.0,0.8160000000000001,0.8160000000000001,4.0,6
996,514,224,5.0,0.0,0.132,0.132,4.0,6
997,516,224,10.0,0.14,0.144,0.004,10.0,6
998,517,224,10.0,0.232,0.244,0.0119999999999999,10.0,6
999,518,224,6.0,0.248,0.252,0.004,2.0,6
1000,519,224,5.0,0.256,0.264,0.008,4.0,6
1001,520,224,4.0,0.268,0.376,0.1079999999999999,8.0,6
1002,521,224,10.0,0.38,0.384,0.004,10.0,6
1003,522,224,5.0,0.388,0.884,0.496,4.0,6
1004,530,225,10.0,0.052,0.064,0.0119999999999999,10.0,6
1005,531,225,9.0,0.068,0.076,0.0079999999999999,2.0,6
1006,532,225,8.0,0.08,0.332,0.252,4.0,6
1007,533,225,10.0,0.336,0.34,0.004,10.0,6
1008,534,225,5.0,0.344,0.8,0.456,5.0,6
1009,552,226,10.0,0.092,0.108,0.016,10.0,6
1010,553,226,6.0,0.112,0.12,0.0079999999999999,2.0,6
1011,554,226,5.0,0.124,0.14,0.016,5.0,6
1012,555,226,4.0,0.144,0.156,0.0119999999999999,8.0,6
1013,556,226,5.0,0.16,0.796,0.636,5.0,6
1014,564,227,6.0,0.0,1.944,1.944,2.0,6
1015,582,228,6.0,0.0,0.852,0.852,2.0,6
1016,588,229,2.0,0.004,0.224,0.22,5.0,6
1017,589,229,10.0,0.228,0.256,0.0279999999999999,10.0,6
1018,590,229,3.0,0.26,1.108,0.8480000000000001,2.0,6
1019,607,230,3.0,0.0,0.096,0.096,2.0,6
1020,608,230,10.0,0.1,0.104,0.004,10.0,6
1021,609,230,10.0,0.24,0.272,0.032,10.0,6
1022,610,230,3.0,0.276,0.28,0.004,2.0,6
1023,611,230,2.0,0.284,0.516,0.2319999999999999,5.0,6
1024,618,231,9.0,0.0,0.2,0.2,2.0,6
1025,619,231,10.0,0.204,0.208,0.004,10.0,6
1026,620,231,10.0,0.308,0.328,0.02,10.0,6
1027,621,231,9.0,0.332,0.348,0.016,2.0,6
1028,623,231,8.0,0.356,0.376,0.02,4.0,6
1029,624,231,9.0,0.38,0.86,0.48,2.0,6
1030,627,232,6.0,0.0,0.88,0.88,2.0,6
1031,639,233,5.0,0.0,0.86,0.86,4.0,6
1032,651,234,6.0,0.0,0.248,0.248,2.0,6
1033,652,234,10.0,0.252,0.26,0.008,10.0,6
1034,653,234,10.0,0.368,0.384,0.016,10.0,6
1035,654,234,6.0,0.388,0.4,0.012,2.0,6
1036,655,234,5.0,0.404,0.544,0.14,6.0,6
1037,656,234,10.0,0.548,0.556,0.008,10.0,6
1038,657,234,6.0,0.56,0.868,0.3079999999999999,2.0,6
1039,663,235,5.0,0.0,0.124,0.124,4.0,6
1040,665,235,10.0,0.132,0.136,0.004,10.0,6
1041,666,235,10.0,0.22,0.412,0.192,10.0,6
1042,667,235,4.0,0.416,0.432,0.0159999999999999,9.0,6
1043,669,235,5.0,0.44,0.848,0.408,4.0,6
1044,681,236,6.0,0.0,0.848,0.848,2.0,6
1045,690,237,2.0,0.0,0.108,0.108,4.0,6
1046,691,237,3.0,0.112,0.116,0.004,2.0,6
1047,693,237,10.0,0.244,0.28,0.036,10.0,6
1048,694,237,1.0,0.284,0.288,0.004,8.0,6
1049,696,237,1.0,0.296,0.592,0.296,8.0,6
1050,708,238,10.0,0.028,0.1,0.072,10.0,6
1051,709,238,4.0,0.104,0.4,0.296,7.0,6
1052,711,238,5.0,0.408,0.876,0.4679999999999999,6.0,6
1053,712,238,10.0,0.88,0.884,0.004,10.0,6
1054,713,238,8.0,0.888,1.268,0.38,5.0,6
1055,729,239,10.0,0.024,0.088,0.064,10.0,6
1056,730,239,4.0,0.092,0.328,0.236,7.0,6
1057,731,239,10.0,0.332,0.336,0.004,10.0,6
1058,732,239,5.0,0.34,1.036,0.696,5.0,6
1059,734,239,8.0,1.044,1.056,0.012,4.0,6
1060,735,239,10.0,1.06,1.064,0.004,10.0,6
1061,736,239,8.0,1.068,1.564,0.496,4.0,6
1062,760,240,3.0,0.0,0.096,0.096,3.0,6
1063,761,240,2.0,0.1,0.292,0.1919999999999999,6.0,6
1064,763,240,10.0,0.3,0.304,0.004,10.0,6
1065,764,240,10.0,0.404,0.452,0.0479999999999999,10.0,6
1066,765,240,1.0,0.456,0.644,0.188,7.0,6
1067,766,240,2.0,0.648,0.804,0.156,6.0,6
1068,767,240,5.0,0.808,0.812,0.004,4.0,6
1069,768,240,10.0,0.8160000000000001,0.8280000000000001,0.012,10.0,6
1070,769,240,5.0,0.8320000000000001,1.1,0.268,4.0,6
1071,771,240,2.0,1.108,1.296,0.1879999999999999,6.0,6
1072,773,240,5.0,1.304,1.308,0.004,4.0,6
1073,775,240,8.0,1.316,1.32,0.004,5.0,6
1074,776,240,7.0,1.324,1.38,0.056,8.0,6
1075,777,240,10.0,1.384,1.412,0.0279999999999998,10.0,6
1076,778,240,8.0,1.416,1.932,0.516,5.0,6
1077,0,241,4.0,0.0,0.08,0.08,7.0,7
1078,1,241,10.0,0.084,0.088,0.0039999999999999,10.0,7
1079,2,241,4.0,0.092,0.1,0.008,7.0,7
1080,4,241,5.0,0.108,0.372,0.264,4.0,7
1081,5,241,10.0,0.376,0.38,0.004,10.0,7
1082,6,241,2.0,0.384,0.796,0.412,5.0,7
1083,20,242,10.0,0.0,0.16,0.16,10.0,7
1084,21,242,10.0,0.256,0.264,0.008,10.0,7
1085,22,242,6.0,0.268,0.272,0.004,1.0,7
1086,23,242,5.0,0.276,0.28,0.004,5.0,7
1087,24,242,4.0,0.284,0.472,0.188,9.0,7
1088,25,242,10.0,0.476,0.484,0.0079999999999999,10.0,7
1089,26,242,5.0,0.488,0.6,0.1119999999999999,5.0,7
1090,27,242,10.0,0.604,0.612,0.008,10.0,7
1091,28,242,2.0,0.616,0.888,0.272,4.0,7
1092,40,243,2.0,0.0,0.232,0.232,5.0,7
1093,41,243,10.0,0.236,0.244,0.0079999999999999,10.0,7
1094,42,243,5.0,0.248,0.26,0.012,6.0,7
1095,43,243,10.0,0.264,0.272,0.008,10.0,7
1096,44,243,5.0,0.276,0.456,0.18,6.0,7
1097,45,243,10.0,0.46,0.464,0.004,10.0,7
1098,46,243,8.0,0.468,0.704,0.2359999999999999,4.0,7
1099,70,244,5.0,0.0,4.008,4.008,4.0,7
1100,71,245,5.0,0.0,0.252,0.252,6.0,7
1101,72,245,10.0,0.256,0.26,0.004,10.0,7
1102,73,245,8.0,0.264,2.336,2.072,4.0,7
1103,88,246,7.0,0.0,0.024,0.024,7.0,7
1104,90,246,8.0,0.032,0.408,0.376,6.0,7
1105,91,246,10.0,0.412,0.416,0.004,10.0,7
1106,92,246,5.0,0.42,0.428,0.008,4.0,7
1107,93,246,10.0,0.432,0.744,0.312,10.0,7
1108,94,246,5.0,0.748,4.0120000000000005,3.264,4.0,7
1109,95,247,5.0,0.0,0.32,0.32,6.0,7
1110,96,247,10.0,0.324,0.328,0.004,10.0,7
1111,97,247,2.0,0.332,0.448,0.1159999999999999,4.0,7
1112,100,247,10.0,0.548,0.552,0.004,10.0,7
1113,101,247,3.0,0.556,0.56,0.004,3.0,7
1114,102,247,2.0,0.5640000000000001,0.5680000000000001,0.004,4.0,7
1115,103,247,1.0,0.5720000000000001,0.76,0.1879999999999999,7.0,7
1116,105,247,2.0,0.768,3.2840000000000003,2.516,4.0,7
1117,114,248,2.0,0.0,0.74,0.74,4.0,7
1118,146,249,10.0,0.0,0.204,0.204,10.0,7
1119,147,249,2.0,0.208,0.236,0.0279999999999999,5.0,7
1120,148,249,10.0,0.24,0.244,0.004,10.0,7
1121,149,249,5.0,0.248,3.484,3.236,4.0,7
1122,157,250,5.0,0.0,2.672,2.672,4.0,7
1123,174,251,5.0,0.0,4.008,4.008,4.0,7
1124,175,252,5.0,0.0,0.244,0.244,6.0,7
1125,176,252,10.0,0.248,0.252,0.004,10.0,7
1126,177,252,8.0,0.256,1.16,0.904,4.0,7
1127,199,253,10.0,0.0,0.192,0.192,10.0,7
1128,200,253,8.0,0.196,3.2880000000000003,3.092,4.0,7
1129,207,254,8.0,0.0,0.448,0.448,6.0,7
1130,208,254,10.0,0.452,0.456,0.004,10.0,7
1131,209,254,5.0,0.46,0.468,0.008,5.0,7
1132,210,254,10.0,0.472,0.476,0.004,10.0,7
1133,211,254,2.0,0.48,4.008,3.528,4.0,7
1134,212,255,2.0,0.0,0.216,0.216,6.0,7
1135,213,255,10.0,0.22,0.224,0.004,10.0,7
1136,214,255,5.0,0.228,0.364,0.1359999999999999,5.0,7
1137,215,255,10.0,0.368,0.372,0.004,10.0,7
1138,216,255,8.0,0.376,0.544,0.168,4.0,7
1139,218,255,10.0,0.552,0.5640000000000001,0.012,10.0,7
1140,219,255,10.0,0.704,0.744,0.04,10.0,7
1141,220,255,8.0,0.748,0.76,0.012,4.0,7
1142,224,255,8.0,0.776,3.74,2.9640000000000004,4.0,7
1143,227,256,5.0,0.0,0.224,0.224,6.0,7
1144,228,256,10.0,0.228,0.232,0.004,10.0,7
1145,229,256,8.0,0.236,3.408,3.172,4.0,7
1146,235,257,8.0,0.0,0.04,0.04,6.0,7
1147,236,257,10.0,0.044,0.056,0.012,10.0,7
1148,237,257,5.0,0.06,3.936,3.876,4.0,7
1149,240,258,10.0,0.04,0.052,0.012,10.0,7
1150,241,258,6.0,0.056,0.06,0.0039999999999999,3.0,7
1151,242,258,5.0,0.064,0.076,0.0119999999999999,4.0,7
1152,243,258,4.0,0.08,0.324,0.244,7.0,7
1153,245,258,5.0,0.332,3.42,3.088,4.0,7
1154,254,259,5.0,0.0,0.288,0.288,5.0,7
1155,255,259,10.0,0.292,0.296,0.004,10.0,7
1156,256,259,8.0,0.3,3.336,3.036,4.0,7
1157,265,260,8.0,0.0,3.252,3.252,4.0,7
1158,275,261,5.0,0.0,0.232,0.232,6.0,7
1159,276,261,10.0,0.236,0.624,0.388,10.0,7
1160,277,261,5.0,0.628,1.124,0.4960000000000001,6.0,7
1161,299,262,10.0,0.016,0.02,0.004,10.0,7
1162,300,262,3.0,0.024,0.032,0.008,2.0,7
1163,301,262,2.0,0.036,0.044,0.0079999999999999,6.0,7
1164,302,262,1.0,0.048,0.256,0.208,9.0,7
1165,304,262,2.0,0.264,0.928,0.664,6.0,7
1166,309,263,10.0,0.056,0.064,0.008,10.0,7
1167,310,263,6.0,0.068,0.072,0.004,1.0,7
1168,311,263,5.0,0.076,0.084,0.008,6.0,7
1169,312,263,10.0,0.088,0.1,0.012,10.0,7
1170,313,263,4.0,0.104,0.2,0.096,9.0,7
1171,315,263,5.0,0.208,1.044,0.8360000000000001,6.0,7
1172,336,264,5.0,0.0,0.476,0.476,5.0,7
1173,337,264,6.0,0.48,0.948,0.4680000000000001,3.0,7
1174,344,265,2.0,0.0,0.124,0.124,5.0,7
1175,345,265,3.0,0.128,0.132,0.004,1.0,7
1176,347,265,10.0,0.252,0.272,0.02,10.0,7
1177,348,265,2.0,0.276,0.284,0.008,5.0,7
1178,349,265,1.0,0.288,0.304,0.0159999999999999,7.0,7
1179,351,265,2.0,0.312,1.352,1.04,5.0,7
1180,360,266,2.0,0.0,0.068,0.068,4.0,7
1181,361,266,3.0,0.072,0.076,0.0039999999999999,3.0,7
1182,363,266,10.0,0.184,0.188,0.004,10.0,7
1183,364,266,3.0,0.192,0.2,0.008,3.0,7
1184,365,266,2.0,0.204,0.212,0.0079999999999999,4.0,7
1185,366,266,1.0,0.216,0.332,0.116,8.0,7
1186,367,266,10.0,0.336,0.34,0.004,10.0,7
1187,368,266,2.0,0.344,0.956,0.6120000000000001,4.0,7
1188,369,266,3.0,0.96,1.04,0.08,3.0,7
1189,370,266,10.0,1.044,1.048,0.004,10.0,7
1190,371,266,6.0,1.052,1.752,0.7,2.0,7
1191,384,267,10.0,0.08,0.144,0.064,10.0,7
1192,385,267,4.0,0.148,0.624,0.476,8.0,7
1193,386,267,10.0,0.628,0.636,0.008,10.0,7
1194,387,267,5.0,0.64,0.948,0.308,6.0,7
1195,402,268,7.0,0.0,0.348,0.348,8.0,7
1196,403,268,8.0,0.352,0.356,0.004,5.0,7
1197,404,268,10.0,0.36,0.364,0.004,10.0,7
1198,405,268,5.0,0.368,0.944,0.5760000000000001,4.0,7
1199,412,269,10.0,0.164,0.208,0.044,10.0,7
1200,414,269,7.0,0.216,0.316,0.1,7.0,7
1201,415,269,10.0,0.32,0.324,0.004,10.0,7
1202,416,269,8.0,0.328,1.152,0.8240000000000001,6.0,7
1203,435,270,10.0,0.068,0.08,0.0119999999999999,10.0,7
1204,436,270,6.0,0.084,0.096,0.0119999999999999,1.0,7
1205,437,270,5.0,0.1,0.108,0.0079999999999999,4.0,7
1206,438,270,4.0,0.112,0.344,0.232,7.0,7
1207,440,270,5.0,0.352,3.968,3.616,4.0,7
1208,443,271,10.0,0.088,0.1,0.012,10.0,7
1209,444,271,6.0,0.104,0.112,0.0079999999999999,2.0,7
1210,445,271,5.0,0.116,0.124,0.0079999999999999,4.0,7
1211,446,271,4.0,0.128,0.504,0.376,7.0,7
1212,447,271,10.0,0.508,0.516,0.008,10.0,7
1213,448,271,5.0,0.52,0.948,0.428,4.0,7
1214,454,272,8.0,0.0,1.036,1.036,4.0,7
1215,476,273,10.0,0.204,0.348,0.144,10.0,7
1216,477,273,4.0,0.352,0.6920000000000001,0.3400000000000001,9.0,7
1217,479,273,5.0,0.7000000000000001,4.0120000000000005,3.3120000000000003,4.0,7
1218,480,274,5.0,0.0,1.14,1.14,4.0,7
1219,490,275,10.0,0.108,0.124,0.016,10.0,7
1220,491,275,6.0,0.128,0.136,0.008,1.0,7
1221,492,275,5.0,0.14,0.152,0.0119999999999999,4.0,7
1222,493,275,4.0,0.156,0.24,0.0839999999999999,7.0,7
1223,494,275,10.0,0.244,0.248,0.004,10.0,7
1224,495,275,4.0,0.252,0.284,0.032,7.0,7
1225,496,275,10.0,0.288,0.292,0.0039999999999999,10.0,7
1226,497,275,5.0,0.296,3.084,2.7880000000000003,4.0,7
1227,503,276,5.0,0.0,0.988,0.988,5.0,7
1228,508,277,10.0,0.068,0.084,0.016,10.0,7
1229,509,277,9.0,0.088,0.092,0.004,2.0,7
1230,510,277,8.0,0.096,0.108,0.0119999999999999,5.0,7
1231,511,277,7.0,0.112,0.132,0.02,9.0,7
1232,512,277,10.0,0.136,0.172,0.036,10.0,7
1233,513,277,7.0,0.176,0.624,0.448,9.0,7
1234,521,278,10.0,0.068,0.936,0.8680000000000001,10.0,7
1235,569,279,5.0,0.0,0.528,0.528,5.0,7
1236,579,280,10.0,0.008,0.016,0.008,10.0,7
1237,580,280,9.0,0.02,0.028,0.008,1.0,7
1238,581,280,8.0,0.032,0.044,0.0119999999999999,4.0,7
1239,582,280,7.0,0.048,0.076,0.0279999999999999,9.0,7
1240,586,280,8.0,0.092,0.5680000000000001,0.4760000000000001,4.0,7
1241,0,281,10.0,0.0,0.004,0.004,10.0,8
1242,1,281,10.0,0.116,0.328,0.212,10.0,8
1243,2,281,4.0,0.332,0.348,0.016,7.0,8
1244,3,281,10.0,0.352,0.356,0.004,10.0,8
1245,5,281,10.0,0.364,0.38,0.016,10.0,8
1246,6,281,5.0,0.384,0.648,0.264,6.0,8
1247,7,281,10.0,0.652,0.656,0.004,10.0,8
1248,8,281,2.0,0.66,1.352,0.6920000000000001,5.0,8
1249,22,282,2.0,0.0,0.72,0.72,5.0,8
1250,25,283,2.0,0.0,0.264,0.264,4.0,8
1251,27,283,5.0,0.272,0.28,0.008,6.0,8
1252,29,283,8.0,0.288,3.2840000000000003,2.9960000000000004,5.0,8
1253,35,284,8.0,0.0,0.236,0.236,4.0,8
1254,36,284,10.0,0.24,0.248,0.008,10.0,8
1255,37,284,5.0,0.252,0.412,0.16,6.0,8
1256,38,284,10.0,0.416,0.42,0.0039999999999999,10.0,8
1257,39,284,2.0,0.424,4.008,3.584,5.0,8
1258,40,285,2.0,0.0,0.228,0.228,6.0,8
1259,41,285,10.0,0.232,0.236,0.004,10.0,8
1260,42,285,5.0,0.24,4.008,3.768,5.0,8
1261,43,286,5.0,0.0,0.276,0.276,4.0,8
1262,45,286,2.0,0.284,0.684,0.4,5.0,8
1263,68,287,2.0,0.0,0.22,0.22,4.0,8
1264,70,287,5.0,0.228,0.4,0.172,5.0,8
1265,71,287,10.0,0.404,0.408,0.004,10.0,8
1266,72,287,2.0,0.412,3.332,2.92,4.0,8
1267,77,288,2.0,0.0,0.244,0.244,5.0,8
1268,79,288,5.0,0.252,0.604,0.352,4.0,8
1269,80,288,10.0,0.608,0.612,0.004,10.0,8
1270,81,288,2.0,0.616,1.444,0.828,5.0,8
1271,104,289,10.0,0.0,0.224,0.224,10.0,8
1272,105,289,5.0,0.228,0.232,0.004,6.0,8
1273,107,289,6.0,0.24,0.3,0.06,1.0,8
1274,108,289,10.0,0.304,0.308,0.004,10.0,8
1275,109,289,9.0,0.312,0.324,0.012,2.0,8
1276,111,289,9.0,0.332,0.78,0.448,2.0,8
1277,132,290,9.0,0.0,0.16,0.16,2.0,8
1278,134,290,10.0,0.168,0.176,0.0079999999999999,10.0,8
1279,136,290,4.0,0.184,0.8280000000000001,0.6440000000000001,7.0,8
1280,146,291,5.0,0.0,0.296,0.296,6.0,8
1281,147,291,10.0,0.3,0.448,0.148,10.0,8
1282,148,291,2.0,0.452,0.896,0.444,4.0,8
1283,169,292,5.0,0.0,3.248,3.248,4.0,8
1284,179,293,5.0,0.0,0.256,0.256,4.0,8
1285,180,293,10.0,0.26,0.264,0.004,10.0,8
1286,181,293,8.0,0.268,0.28,0.012,6.0,8
1287,182,293,7.0,0.284,0.356,0.0719999999999999,8.0,8
1288,183,293,10.0,0.36,0.372,0.012,10.0,8
1289,184,293,8.0,0.376,0.404,0.028,6.0,8
1290,185,293,10.0,0.408,0.412,0.004,10.0,8
1291,186,293,5.0,0.416,0.424,0.0079999999999999,4.0,8
1292,188,293,2.0,0.432,0.628,0.196,5.0,8
1293,190,293,3.0,0.636,0.644,0.008,1.0,8
1294,191,293,2.0,0.648,2.312,1.6639999999999997,5.0,8
1295,203,294,2.0,0.0,0.392,0.392,4.0,8
1296,204,294,10.0,0.396,0.404,0.008,10.0,8
1297,206,294,10.0,0.412,0.424,0.0119999999999999,10.0,8
1298,207,294,2.0,0.428,0.752,0.324,4.0,8
1299,209,294,5.0,0.76,0.768,0.008,5.0,8
1300,210,294,10.0,0.772,0.776,0.004,10.0,8
1301,211,294,8.0,0.78,0.848,0.0679999999999999,6.0,8
1302,212,294,10.0,0.852,0.932,0.08,10.0,8
1303,213,294,8.0,0.936,4.008,3.072,6.0,8
1304,214,295,8.0,0.0,0.428,0.428,5.0,8
1305,215,295,10.0,0.432,0.436,0.004,10.0,8
1306,216,295,5.0,0.44,0.452,0.012,4.0,8
1307,217,295,10.0,0.456,0.468,0.012,10.0,8
1308,219,295,10.0,0.476,0.58,0.1039999999999999,10.0,8
1309,221,295,10.0,0.588,0.604,0.016,10.0,8
1310,222,295,10.0,0.6960000000000001,0.704,0.0079999999999998,10.0,8
1311,223,295,6.0,0.708,0.72,0.012,2.0,8
1312,224,295,5.0,0.724,0.732,0.008,4.0,8
1313,225,295,4.0,0.736,0.764,0.028,7.0,8
1314,227,295,5.0,0.772,1.032,0.26,4.0,8
1315,228,295,10.0,1.036,1.04,0.004,10.0,8
1316,229,295,2.0,1.044,3.156,2.112,6.0,8
1317,237,296,2.0,0.0,0.252,0.252,4.0,8
1318,239,296,5.0,0.26,0.268,0.008,5.0,8
1319,240,296,10.0,0.272,0.36,0.0879999999999999,10.0,8
1320,241,296,8.0,0.364,3.272,2.9080000000000004,6.0,8
1321,250,297,6.0,0.0,0.248,0.248,2.0,8
1322,251,297,10.0,0.252,0.256,0.004,10.0,8
1323,252,297,9.0,0.26,0.632,0.372,3.0,8
1324,274,298,5.0,0.0,0.32,0.32,4.0,8
1325,275,298,10.0,0.324,0.328,0.004,10.0,8
1326,276,298,7.0,0.332,0.5,0.1679999999999999,7.0,8
1327,277,298,10.0,0.504,0.512,0.008,10.0,8
1328,278,298,5.0,0.516,0.52,0.004,4.0,8
1329,279,298,10.0,0.524,0.528,0.004,10.0,8
1330,280,298,2.0,0.532,0.544,0.012,5.0,8
1331,281,298,10.0,0.548,0.552,0.004,10.0,8
1332,282,298,2.0,0.556,1.348,0.792,5.0,8
1333,311,299,2.0,0.0,0.012,0.012,6.0,8
1334,312,299,10.0,0.016,0.02,0.004,10.0,8
1335,313,299,5.0,0.024,0.244,0.22,4.0,8
1336,314,299,10.0,0.248,0.252,0.004,10.0,8
1337,315,299,8.0,0.256,3.536,3.28,5.0,8
1338,322,300,8.0,0.0,0.296,0.296,4.0,8
1339,323,300,10.0,0.3,0.304,0.004,10.0,8
1340,324,300,5.0,0.308,0.32,0.012,5.0,8
1341,325,300,10.0,0.324,0.468,0.144,10.0,8
1342,326,300,5.0,0.472,3.276,2.8040000000000003,5.0,8
1343,354,302,4.0,0.0,0.184,0.184,9.0,8
1344,356,302,5.0,0.192,0.204,0.012,6.0,8
1345,358,302,10.0,0.212,0.224,0.012,10.0,8
1346,359,302,10.0,0.284,0.304,0.0199999999999999,10.0,8
1347,360,302,6.0,0.308,0.312,0.004,3.0,8
1348,361,302,5.0,0.316,0.32,0.004,6.0,8
1349,362,302,4.0,0.324,0.336,0.012,9.0,8
1350,364,302,5.0,0.344,1.528,1.184,6.0,8
1351,369,303,5.0,0.0,1.036,1.036,4.0,8
1352,370,303,10.0,1.04,1.044,0.004,10.0,8
1353,371,303,8.0,1.048,4.0120000000000005,2.9640000000000004,5.0,8
1354,372,304,8.0,0.0,0.008,0.008,4.0,8
1355,374,304,10.0,0.016,0.028,0.012,10.0,8
1356,375,304,10.0,0.116,0.152,0.0359999999999999,10.0,8
1357,377,304,7.0,0.16,0.192,0.032,9.0,8
1358,379,304,8.0,0.2,1.068,0.8680000000000001,4.0,8
1359,384,305,4.0,0.0,0.232,0.232,7.0,8
1360,387,305,10.0,0.244,0.248,0.004,10.0,8
1361,388,305,10.0,0.344,0.352,0.0079999999999999,10.0,8
1362,390,305,5.0,0.36,0.368,0.008,5.0,8
1363,391,305,4.0,0.372,0.376,0.004,7.0,8
1364,393,305,4.0,0.384,3.376,2.992,7.0,8
1365,396,306,5.0,0.0,1.08,1.08,5.0,8
1366,406,307,8.0,0.0,0.052,0.052,5.0,8
1367,407,307,10.0,0.056,0.064,0.008,10.0,8
1368,408,307,5.0,0.068,1.104,1.036,6.0,8
1369,425,308,10.0,0.0,0.044,0.044,10.0,8
1370,426,308,5.0,0.048,0.068,0.02,6.0,8
1371,427,308,10.0,0.072,0.076,0.0039999999999999,10.0,8
1372,428,308,5.0,0.08,0.084,0.004,6.0,8
1373,430,308,5.0,0.092,1.056,0.964,6.0,8
1374,435,309,5.0,0.0,0.028,0.028,6.0,8
1375,437,309,10.0,0.036,0.056,0.0199999999999999,10.0,8
1376,438,309,10.0,0.136,0.148,0.0119999999999999,10.0,8
1377,439,309,10.0,0.156,0.18,0.0239999999999999,10.0,8
1378,441,309,5.0,0.188,0.196,0.008,6.0,8
1379,442,309,4.0,0.2,0.228,0.0279999999999999,9.0,8
1380,443,309,5.0,0.232,1.12,0.8880000000000001,6.0,8
1381,449,310,8.0,0.0,0.036,0.036,6.0,8
1382,452,310,8.0,0.048,0.052,0.004,6.0,8
1383,454,310,10.0,0.06,0.072,0.012,10.0,8
1384,455,310,10.0,0.128,0.172,0.044,10.0,8
1385,456,310,7.0,0.176,0.612,0.436,8.0,8
1386,469,311,10.0,0.04,0.048,0.008,10.0,8
1387,470,311,10.0,0.06,0.08,0.02,10.0,8
1388,471,311,9.0,0.084,0.088,0.0039999999999999,2.0,8
1389,472,311,8.0,0.092,0.1,0.008,4.0,8
1390,473,311,7.0,0.104,0.144,0.04,8.0,8
1391,475,311,8.0,0.152,0.304,0.152,4.0,8
1392,476,311,10.0,0.308,0.344,0.036,10.0,8
1393,477,311,5.0,0.348,0.352,0.0039999999999999,5.0,8
1394,478,311,10.0,0.356,1.064,0.7080000000000001,10.0,8
1395,485,312,5.0,0.0,0.46,0.46,6.0,8
1396,486,312,6.0,0.464,0.468,0.004,3.0,8
1397,487,312,10.0,0.472,0.484,0.0119999999999999,10.0,8
1398,488,312,10.0,0.528,0.556,0.028,10.0,8
1399,489,312,6.0,0.56,0.5680000000000001,0.008,3.0,8
1400,490,312,5.0,0.5720000000000001,0.588,0.0159999999999999,6.0,8
1401,491,312,4.0,0.592,0.596,0.004,7.0,8
1402,492,312,5.0,0.6,1.44,0.84,6.0,8
1403,511,313,2.0,0.0,0.056,0.056,6.0,8
1404,513,313,10.0,0.064,0.088,0.0239999999999999,10.0,8
1405,514,313,10.0,0.188,0.2,0.012,10.0,8
1406,515,313,10.0,0.216,0.292,0.0759999999999999,10.0,8
1407,516,313,1.0,0.296,0.32,0.024,7.0,8
1408,517,313,2.0,0.324,0.58,0.2559999999999999,6.0,8
1409,518,313,10.0,0.584,1.112,0.5280000000000001,10.0,8
1410,536,314,2.0,0.0,0.244,0.244,6.0,8
1411,538,314,10.0,0.252,0.26,0.008,10.0,8
1412,539,314,10.0,0.38,0.388,0.008,10.0,8
1413,540,314,10.0,0.4,0.452,0.0519999999999999,10.0,8
1414,541,314,1.0,0.456,0.48,0.0239999999999999,8.0,8
1415,542,314,2.0,0.484,1.056,0.5720000000000001,6.0,8
1416,551,315,6.0,0.0,0.032,0.032,2.0,8
1417,552,315,5.0,0.036,0.04,0.0039999999999999,4.0,8
1418,553,315,6.0,0.044,0.052,0.008,2.0,8
1419,554,315,10.0,0.056,0.072,0.016,10.0,8
1420,555,315,10.0,0.192,0.228,0.036,10.0,8
1421,556,315,6.0,0.232,0.244,0.0119999999999999,2.0,8
1422,557,315,5.0,0.248,0.264,0.016,4.0,8
1423,558,315,4.0,0.268,0.284,0.016,7.0,8
1424,559,315,5.0,0.288,1.056,0.768,4.0,8
1425,569,316,7.0,0.0,0.052,0.052,8.0,8
1426,570,316,8.0,0.056,0.06,0.0039999999999999,5.0,8
1427,572,316,10.0,0.068,0.076,0.0079999999999999,10.0,8
1428,573,316,10.0,0.152,0.224,0.072,10.0,8
1429,574,316,7.0,0.228,0.5,0.272,8.0,8
1430,594,317,1.0,0.0,1.228,1.228,8.0,8
1431,610,318,2.0,0.0,0.048,0.048,6.0,8
1432,611,318,3.0,0.052,0.056,0.0039999999999999,1.0,8
1433,612,318,10.0,0.06,0.076,0.016,10.0,8
1434,613,318,10.0,0.148,0.156,0.008,10.0,8
1435,614,318,10.0,0.168,0.188,0.0199999999999999,10.0,8
1436,615,318,3.0,0.192,0.2,0.008,1.0,8
1437,616,318,2.0,0.204,0.22,0.0159999999999999,6.0,8
1438,617,318,1.0,0.224,0.24,0.0159999999999999,8.0,8
1439,618,318,2.0,0.244,1.18,0.936,6.0,8
1440,630,319,2.0,0.0,0.032,0.032,4.0,8
1441,632,319,3.0,0.04,0.052,0.012,2.0,8
1442,633,319,2.0,0.056,0.064,0.008,4.0,8
1443,634,319,3.0,0.068,0.072,0.004,2.0,8
1444,635,319,10.0,0.076,0.092,0.016,10.0,8
1445,636,319,10.0,0.192,0.204,0.012,10.0,8
1446,637,319,10.0,0.216,0.244,0.0279999999999999,10.0,8
1447,638,319,3.0,0.248,0.26,0.012,2.0,8
1448,639,319,2.0,0.264,0.284,0.02,4.0,8
1449,640,319,1.0,0.288,0.292,0.0039999999999999,7.0,8
1450,641,319,2.0,0.296,1.036,0.74,4.0,8
1451,654,320,5.0,0.0,0.068,0.068,5.0,8
1452,655,320,6.0,0.072,0.076,0.0039999999999999,3.0,8
1453,656,320,10.0,0.08,0.096,0.016,10.0,8
1454,657,320,10.0,0.152,0.164,0.012,10.0,8
1455,658,320,10.0,0.172,0.204,0.032,10.0,8
1456,660,320,5.0,0.212,0.22,0.008,5.0,8
1457,661,320,4.0,0.224,0.26,0.036,9.0,8
1458,662,320,10.0,0.264,0.276,0.012,10.0,8
1459,663,320,5.0,0.28,1.144,0.8640000000000001,5.0,8
1460,0,321,5.0,0.0,0.428,0.428,4.0,9
1461,1,321,10.0,0.432,0.436,0.004,10.0,9
1462,2,321,2.0,0.44,0.644,0.204,5.0,9
1463,4,321,5.0,0.652,0.956,0.304,4.0,9
1464,15,322,5.0,0.0,0.504,0.504,6.0,9
1465,17,322,10.0,0.604,0.612,0.008,10.0,9
1466,20,322,5.0,0.624,0.628,0.004,6.0,9
1467,21,322,4.0,0.632,0.796,0.164,8.0,9
1468,22,322,10.0,0.8,0.804,0.004,10.0,9
1469,23,322,7.0,0.808,0.992,0.1839999999999999,7.0,9
1470,24,322,10.0,0.996,1.004,0.008,10.0,9
1471,25,322,4.0,1.008,1.212,0.2039999999999999,8.0,9
1472,44,323,5.0,0.0,0.352,0.352,4.0,9
1473,45,323,10.0,0.356,0.364,0.008,10.0,9
1474,46,323,2.0,0.368,0.492,0.124,6.0,9
1475,47,323,10.0,0.496,0.504,0.008,10.0,9
1476,48,323,5.0,0.508,0.732,0.2239999999999999,4.0,9
1477,49,323,10.0,0.736,0.74,0.004,10.0,9
1478,50,323,8.0,0.744,0.972,0.2279999999999999,5.0,9
1479,51,323,10.0,0.976,0.988,0.012,10.0,9
1480,52,323,4.0,0.992,1.1,0.1080000000000001,7.0,9
1481,53,323,10.0,1.104,1.108,0.004,10.0,9
1482,55,323,8.0,1.116,1.408,0.2919999999999998,5.0,9
1483,64,324,8.0,0.0,0.08,0.08,4.0,9
1484,65,324,10.0,0.084,0.284,0.2,10.0,9
1485,66,324,4.0,0.288,0.3,0.0119999999999999,8.0,9
1486,67,324,10.0,0.304,0.308,0.004,10.0,9
1487,68,324,1.0,0.312,0.76,0.448,9.0,9
1488,80,325,10.0,0.0,0.208,0.208,10.0,9
1489,81,325,6.0,0.212,0.332,0.12,3.0,9
1490,82,325,10.0,0.336,0.34,0.004,10.0,9
1491,83,325,3.0,0.344,0.544,0.2,2.0,9
1492,98,326,10.0,0.0,0.268,0.268,10.0,9
1493,99,326,2.0,0.272,0.532,0.26,4.0,9
1494,100,326,1.0,0.536,0.624,0.0879999999999999,9.0,9
1495,101,326,10.0,0.628,0.632,0.004,10.0,9
1496,102,326,4.0,0.636,0.652,0.016,8.0,9
1497,104,326,5.0,0.66,0.6960000000000001,0.036,5.0,9
1498,105,326,10.0,0.7000000000000001,0.724,0.0239999999999999,10.0,9
1499,106,326,5.0,0.728,1.124,0.3960000000000001,5.0,9
1500,107,326,4.0,1.128,1.792,0.6639999999999999,8.0,9
1501,138,327,5.0,0.0,0.268,0.268,4.0,9
1502,139,327,10.0,0.272,0.28,0.008,10.0,9
1503,140,327,2.0,0.284,1.004,0.72,6.0,9
1504,163,328,2.0,0.0,0.496,0.496,6.0,9
1505,164,328,1.0,0.5,0.536,0.036,7.0,9
1506,166,328,2.0,0.544,0.62,0.0759999999999999,6.0,9
1507,167,328,10.0,0.624,0.632,0.008,10.0,9
1508,168,328,5.0,0.636,1.408,0.7719999999999999,4.0,9
1509,199,329,5.0,0.0,0.244,0.244,5.0,9
1510,200,329,10.0,0.248,0.256,0.008,10.0,9
1511,201,329,2.0,0.26,3.396,3.136,4.0,9
1512,211,330,2.0,0.0,3.2840000000000003,3.2840000000000003,4.0,9
1513,224,331,2.0,0.0,0.416,0.416,6.0,9
1514,225,331,10.0,0.42,0.428,0.008,10.0,9
1515,226,331,5.0,0.432,0.852,0.42,5.0,9
1516,228,331,4.0,0.86,0.908,0.048,9.0,9
1517,249,332,5.0,0.0,0.288,0.288,4.0,9
1518,250,332,10.0,0.292,0.3,0.008,10.0,9
1519,251,332,2.0,0.304,0.524,0.22,5.0,9
1520,252,332,1.0,0.528,0.736,0.2079999999999999,9.0,9
1521,262,333,2.0,0.0,0.244,0.244,6.0,9
1522,263,333,10.0,0.248,0.252,0.004,10.0,9
1523,264,333,5.0,0.256,0.328,0.072,5.0,9
1524,265,333,10.0,0.332,0.34,0.008,10.0,9
1525,266,333,2.0,0.344,0.64,0.296,6.0,9
1526,268,333,1.0,0.648,0.78,0.132,9.0,9
1527,269,333,10.0,0.784,0.788,0.004,10.0,9
1528,270,333,5.0,0.792,4.008,3.216,5.0,9
1529,271,334,5.0,0.0,0.216,0.216,5.0,9
1530,272,334,10.0,0.22,0.228,0.008,10.0,9
1531,273,334,7.0,0.232,3.276,3.044,9.0,9
1532,279,335,7.0,0.0,0.22,0.22,7.0,9
1533,280,335,10.0,0.224,0.228,0.004,10.0,9
1534,281,335,4.0,0.232,2.348,2.116,9.0,9
1535,289,336,4.0,0.0,0.228,0.228,8.0,9
1536,290,336,10.0,0.232,0.236,0.004,10.0,9
1537,291,336,7.0,0.24,3.692,3.452,9.0,9
1538,301,337,7.0,0.0,0.232,0.232,7.0,9
1539,303,337,4.0,0.24,0.248,0.008,8.0,9
1540,305,337,1.0,0.256,3.2920000000000003,3.0360000000000005,9.0,9
1541,308,338,4.0,0.0,4.0120000000000005,4.0120000000000005,9.0,9
1542,309,339,4.0,0.0,3.48,3.48,9.0,9
1543,319,340,4.0,0.0,3.988,3.988,9.0,9
1544,321,341,5.0,0.0,0.156,0.156,6.0,9
1545,322,341,10.0,0.16,0.288,0.128,10.0,9
1546,323,341,2.0,0.292,0.608,0.316,5.0,9
1547,324,341,1.0,0.612,0.988,0.376,9.0,9
1548,325,341,2.0,0.992,1.832,0.8400000000000001,5.0,9
1549,333,342,1.0,0.0,0.316,0.316,7.0,9
1550,334,342,2.0,0.32,2.2920000000000003,1.972,6.0,9
1551,354,343,2.0,0.0,1.396,1.396,5.0,9
1552,361,344,4.0,0.0,2.016,2.016,8.0,9
1553,373,345,6.0,0.0,0.064,0.064,2.0,9
1554,374,345,5.0,0.068,0.412,0.344,5.0,9
1555,375,345,4.0,0.416,0.636,0.2199999999999999,7.0,9
1556,379,346,5.0,0.0,0.076,0.076,4.0,9
1557,380,346,10.0,0.08,0.088,0.0079999999999999,10.0,9
1558,381,346,8.0,0.092,0.24,0.148,6.0,9
1559,383,346,10.0,0.248,0.256,0.008,10.0,9
1560,384,346,10.0,0.324,0.352,0.0279999999999999,10.0,9
1561,385,346,8.0,0.356,0.36,0.004,6.0,9
1562,387,346,8.0,0.368,0.528,0.16,6.0,9
1563,405,347,6.0,0.0,0.064,0.064,3.0,9
1564,406,347,5.0,0.068,0.42,0.352,6.0,9
1565,407,347,4.0,0.424,0.52,0.096,8.0,9
1566,409,347,4.0,0.528,0.62,0.0919999999999999,8.0,9
1567,410,347,10.0,0.624,0.656,0.032,10.0,9
1568,411,347,4.0,0.66,1.016,0.356,8.0,9
1569,412,347,5.0,1.02,1.832,0.812,6.0,9
1570,425,348,2.0,0.0,0.228,0.228,4.0,9
1571,426,348,1.0,0.232,0.424,0.1919999999999999,9.0,9
1572,427,348,2.0,0.428,0.768,0.34,4.0,9
1573,452,349,8.0,0.0,2.948,2.948,6.0,9
1574,464,350,2.0,0.0,2.764,2.764,6.0,9
1575,473,351,10.0,0.0,0.376,0.376,10.0,9
1576,474,351,5.0,0.38,0.868,0.488,4.0,9
1577,488,352,5.0,0.0,4.008,4.008,4.0,9
1578,489,353,5.0,0.0,3.788,3.788,5.0,9
1579,492,354,2.0,0.0,3.888,3.888,5.0,9
1580,497,355,10.0,0.032,0.04,0.008,10.0,9
1581,498,355,6.0,0.044,0.048,0.004,3.0,9
1582,499,355,5.0,0.052,0.276,0.224,5.0,9
1583,501,355,6.0,0.284,0.504,0.2199999999999999,3.0,9
1584,512,356,5.0,0.0,0.048,0.048,6.0,9
1585,513,356,10.0,0.052,0.06,0.0079999999999999,10.0,9
1586,514,356,2.0,0.064,0.168,0.104,4.0,9
1587,515,356,10.0,0.172,0.176,0.0039999999999999,10.0,9
1588,516,356,5.0,0.18,0.336,0.156,6.0,9
1589,519,356,10.0,0.452,0.46,0.008,10.0,9
1590,520,356,6.0,0.464,0.468,0.004,3.0,9
1591,521,356,5.0,0.472,0.484,0.0119999999999999,6.0,9
1592,522,356,4.0,0.488,0.5,0.012,8.0,9
1593,523,356,5.0,0.504,0.6920000000000001,0.188,6.0,9
1594,524,356,10.0,0.6960000000000001,0.7000000000000001,0.004,10.0,9
1595,525,356,8.0,0.704,2.272,1.5680000000000005,5.0,9
1596,534,357,8.0,0.0,0.412,0.412,6.0,9
1597,535,357,10.0,0.416,0.42,0.0039999999999999,10.0,9
1598,536,357,5.0,0.424,0.432,0.008,5.0,9
1599,537,357,10.0,0.436,0.44,0.004,10.0,9
1600,538,357,2.0,0.444,0.664,0.22,4.0,9
1601,539,357,10.0,0.668,0.68,0.012,10.0,9
1602,540,357,5.0,0.684,0.788,0.1039999999999999,5.0,9
1603,541,357,10.0,0.792,0.804,0.012,10.0,9
1604,542,357,2.0,0.808,2.032,1.224,4.0,9
1605,556,358,2.0,0.0,0.048,0.048,4.0,9
1606,559,358,10.0,0.152,0.16,0.008,10.0,9
1607,560,358,3.0,0.164,0.168,0.004,2.0,9
1608,561,358,2.0,0.172,0.176,0.0039999999999999,4.0,9
1609,562,358,1.0,0.18,0.772,0.5920000000000001,7.0,9
1610,563,358,2.0,0.776,3.3000000000000003,2.524,4.0,9
1611,568,359,2.0,0.0,0.124,0.124,5.0,9
1612,569,359,10.0,0.128,0.136,0.008,10.0,9
1613,570,359,5.0,0.14,2.48,2.34,6.0,9
1614,581,360,2.0,0.0,0.188,0.188,4.0,9
1615,582,360,10.0,0.192,0.196,0.004,10.0,9
1616,583,360,5.0,0.2,0.204,0.004,6.0,9
1617,584,360,10.0,0.208,0.212,0.0039999999999999,10.0,9
1618,585,360,8.0,0.216,0.224,0.008,5.0,9
1619,586,360,10.0,0.228,0.5720000000000001,0.3440000000000001,10.0,9
1620,587,360,5.0,0.5760000000000001,0.72,0.1439999999999999,6.0,9
1621,588,360,10.0,0.724,0.728,0.004,10.0,9
1622,589,360,2.0,0.732,1.028,0.296,4.0,9
1623,0,361,5.0,0.0,0.404,0.404,5.0,10
1624,1,361,10.0,0.408,0.416,0.008,10.0,10
1625,2,361,2.0,0.42,3.34,2.92,6.0,10
1626,11,362,2.0,0.0,0.36,0.36,6.0,10
1627,12,362,10.0,0.364,0.368,0.004,10.0,10
1628,13,362,5.0,0.372,0.68,0.308,5.0,10
1629,15,362,8.0,0.6880000000000001,0.8160000000000001,0.128,4.0,10
1630,16,362,10.0,0.8200000000000001,0.8240000000000001,0.004,10.0,10
1631,17,362,5.0,0.8280000000000001,1.844,1.016,5.0,10
1632,39,363,5.0,0.0,3.672,3.672,5.0,10
1633,44,364,5.0,0.0,0.192,0.192,5.0,10
1634,45,364,10.0,0.196,0.2,0.004,10.0,10
1635,48,364,9.0,0.212,0.348,0.136,1.0,10
1636,49,364,10.0,0.352,0.356,0.004,10.0,10
1637,50,364,6.0,0.36,0.524,0.164,3.0,10
1638,63,365,4.0,0.0,0.232,0.232,9.0,10
1639,64,365,10.0,0.236,0.248,0.0119999999999999,10.0,10
1640,65,365,1.0,0.252,0.536,0.284,7.0,10
1641,66,365,10.0,0.54,0.544,0.004,10.0,10
1642,67,365,4.0,0.548,0.552,0.004,9.0,10
1643,69,365,7.0,0.56,0.876,0.3159999999999999,8.0,10
1644,71,365,9.0,0.884,0.888,0.004,3.0,10
1645,74,365,9.0,0.984,0.988,0.004,3.0,10
1646,75,365,10.0,0.992,0.996,0.004,10.0,10
1647,76,365,7.0,1.0,1.008,0.008,8.0,10
1648,77,365,10.0,1.012,1.024,0.012,10.0,10
1649,78,365,7.0,1.028,2.48,1.452,8.0,10
1650,86,366,4.0,0.0,0.276,0.276,9.0,10
1651,87,366,10.0,0.28,0.284,0.004,10.0,10
1652,88,366,1.0,0.288,2.3000000000000003,2.0120000000000005,7.0,10
1653,98,367,5.0,0.0,0.404,0.404,5.0,10
1654,100,367,10.0,0.412,0.42,0.0079999999999999,10.0,10
1655,101,367,10.0,0.508,0.512,0.004,10.0,10
1656,102,367,6.0,0.516,0.52,0.004,3.0,10
1657,103,367,5.0,0.524,0.532,0.008,5.0,10
1658,104,367,4.0,0.536,0.648,0.1119999999999999,7.0,10
1659,105,367,10.0,0.652,0.66,0.008,10.0,10
1660,106,367,1.0,0.664,0.928,0.264,8.0,10
1661,107,367,2.0,0.932,1.088,0.156,6.0,10
1662,109,367,5.0,1.096,1.104,0.008,5.0,10
1663,111,367,8.0,1.112,1.148,0.036,4.0,10
1664,112,367,10.0,1.152,1.22,0.0679999999999998,10.0,10
1665,113,367,8.0,1.224,1.276,0.052,4.0,10
1666,135,368,6.0,0.0,0.444,0.444,3.0,10
1667,136,368,10.0,0.448,0.452,0.004,10.0,10
1668,153,369,5.0,0.0,0.264,0.264,4.0,10
1669,154,369,10.0,0.268,0.272,0.004,10.0,10
1670,155,369,8.0,0.276,3.28,3.0040000000000004,6.0,10
1671,171,370,8.0,0.0,0.14,0.14,4.0,10
1672,173,370,5.0,0.148,0.152,0.004,6.0,10
1673,176,370,1.0,0.164,0.744,0.58,7.0,10
1674,188,371,10.0,0.0,0.236,0.236,10.0,10
1675,189,371,4.0,0.24,0.708,0.4679999999999999,7.0,10
1676,202,372,4.0,0.0,0.244,0.244,9.0,10
1677,203,372,5.0,0.248,0.268,0.02,4.0,10
1678,205,372,6.0,0.276,0.404,0.128,1.0,10
1679,206,372,10.0,0.408,0.412,0.004,10.0,10
1680,207,372,9.0,0.416,3.336,2.92,3.0,10
1681,213,373,9.0,0.0,4.008,4.008,3.0,10
1682,214,374,9.0,0.0,4.008,4.008,3.0,10
1683,215,375,9.0,0.0,0.372,0.372,1.0,10
1684,216,375,10.0,0.376,0.38,0.004,10.0,10
1685,217,375,6.0,0.384,0.392,0.008,2.0,10
1686,218,375,10.0,0.396,0.404,0.008,10.0,10
1687,219,375,3.0,0.408,3.26,2.8520000000000003,3.0,10
1688,227,376,5.0,0.0,0.236,0.236,5.0,10
1689,229,376,6.0,0.244,0.328,0.084,1.0,10
1690,230,376,10.0,0.332,0.336,0.004,10.0,10
1691,231,376,3.0,0.34,3.616,3.276,3.0,10
1692,240,377,3.0,0.0,3.536,3.536,3.0,10
1693,247,378,3.0,0.0,0.264,0.264,1.0,10
1694,248,378,10.0,0.268,0.272,0.004,10.0,10
1695,249,378,6.0,0.276,0.712,0.4359999999999999,3.0,10
1696,264,379,6.0,0.0,3.264,3.264,3.0,10
1697,271,380,6.0,0.0,3.2880000000000003,3.2880000000000003,3.0,10
1698,283,381,5.0,0.0,0.296,0.296,4.0,10
1699,284,381,10.0,0.3,0.304,0.004,10.0,10
1700,285,381,5.0,0.308,0.772,0.464,4.0,10
1701,286,381,4.0,0.776,1.012,0.236,9.0,10
1702,287,381,5.0,1.016,1.02,0.004,4.0,10
1703,289,381,10.0,1.028,1.036,0.008,10.0,10
1704,290,381,10.0,1.124,1.136,0.012,10.0,10
1705,291,381,6.0,1.14,1.148,0.008,2.0,10
1706,292,381,5.0,1.152,1.16,0.0079999999999997,4.0,10
1707,293,381,4.0,1.164,2.032,0.8680000000000001,9.0,10
1708,308,382,8.0,0.0,0.98,0.98,4.0,10
1709,322,383,5.0,0.0,0.172,0.172,4.0,10
1710,323,383,6.0,0.176,0.18,0.004,2.0,10
1711,324,383,10.0,0.184,0.188,0.004,10.0,10
1712,325,383,10.0,0.344,0.36,0.0159999999999999,10.0,10
1713,326,383,6.0,0.364,0.376,0.012,2.0,10
1714,327,383,5.0,0.38,0.4,0.02,4.0,10
1715,328,383,4.0,0.404,0.436,0.0319999999999999,8.0,10
1716,330,383,5.0,0.444,0.868,0.424,4.0,10
1717,337,384,8.0,0.0,0.412,0.412,4.0,10
1718,339,384,10.0,0.42,0.432,0.012,10.0,10
1719,362,385,2.0,0.0,0.488,0.488,5.0,10
1720,364,385,1.0,0.496,0.6880000000000001,0.192,9.0,10
1721,365,385,2.0,0.6920000000000001,0.948,0.256,5.0,10
1722,366,385,3.0,0.952,0.956,0.004,2.0,10
1723,377,386,2.0,0.0,1.208,1.208,5.0,10
1724,393,387,5.0,0.0,0.384,0.384,6.0,10
1725,394,387,4.0,0.388,0.504,0.1159999999999999,7.0,10
1726,397,387,10.0,0.516,0.52,0.004,10.0,10
1727,398,387,5.0,0.524,1.012,0.488,6.0,10
1728,419,388,5.0,0.0,0.152,0.152,6.0,10
1729,421,388,5.0,0.16,0.168,0.008,6.0,10
1730,423,388,10.0,0.176,0.184,0.008,10.0,10
1731,424,388,10.0,0.308,0.328,0.02,10.0,10
1732,425,388,6.0,0.332,0.34,0.008,1.0,10
1733,426,388,5.0,0.344,0.356,0.0119999999999999,6.0,10
1734,428,388,4.0,0.364,0.412,0.048,8.0,10
1735,430,388,5.0,0.42,0.492,0.072,6.0,10
1736,431,388,10.0,0.496,0.5,0.004,10.0,10
1737,432,388,5.0,0.504,1.952,1.448,6.0,10
1738,443,389,7.0,0.0,0.316,0.316,9.0,10
1739,444,389,8.0,0.32,0.6880000000000001,0.368,4.0,10
1740,445,389,10.0,0.6920000000000001,0.6960000000000001,0.004,10.0,10
1741,446,389,8.0,0.7000000000000001,0.74,0.0399999999999999,4.0,10
1742,447,389,10.0,0.744,0.796,0.052,10.0,10
1743,448,389,7.0,0.8,0.892,0.0919999999999999,9.0,10
1744,479,390,4.0,0.0,0.512,0.512,8.0,10
1745,481,390,5.0,0.52,1.068,0.548,4.0,10
1746,483,390,10.0,1.076,1.08,0.004,10.0,10
1747,493,391,8.0,0.0,1.072,1.072,4.0,10
1748,503,392,5.0,0.0,2.028,2.028,4.0,10
1749,513,393,8.0,0.0,1.772,1.772,4.0,10
1750,524,394,2.0,0.0,1.072,1.072,4.0,10
1751,525,394,10.0,1.076,1.18,0.1039999999999998,10.0,10
1752,526,394,2.0,1.184,1.188,0.004,4.0,10
1753,528,394,10.0,1.196,1.2,0.004,10.0,10
1754,529,394,10.0,1.28,1.308,0.028,10.0,10
1755,530,394,2.0,1.312,1.316,0.004,4.0,10
1756,531,394,1.0,1.32,1.588,0.268,9.0,10
1757,540,395,5.0,0.0,4.008,4.008,4.0,10
1758,541,396,5.0,0.0,2.132,2.132,4.0,10
1759,551,397,5.0,0.0,2.208,2.208,4.0,10
1760,558,398,8.0,0.0,0.236,0.236,4.0,10
1761,560,398,10.0,0.244,0.252,0.008,10.0,10
1762,561,398,10.0,0.348,0.38,0.0319999999999999,10.0,10
1763,562,398,7.0,0.384,0.4,0.016,9.0,10
1764,563,398,8.0,0.404,0.668,0.264,4.0,10
1765,567,398,8.0,0.684,0.764,0.0799999999999999,4.0,10
1766,581,399,5.0,0.0,0.992,0.992,4.0,10
1767,589,400,5.0,0.0,0.912,0.912,5.0,10
1768,592,400,10.0,0.924,0.928,0.004,10.0,10
